ID_Pedido,Fecha,ID_Cliente,Pais,Categoria,Producto,Precio_Unitario,Cantidad,Costo_Envio,Canal_Venta,Puntuacion_Satisfaccion
ORD-1000,2025-04-13,CLI-371,España,Tecnología,Auriculares Noise-Cancelling,223.53,1,16.27,Web,4
ORD-1001,2025-12-15,CLI-475,España,Estilo de Vida,Mochila Ergonómica,236.28,2,6.76,App,4
ORD-1002,2025-09-28,CLI-476,España,Tecnología,Smartwatch Series Z,901.33,1,55.96,Tienda Física,2
ORD-1003,2025-04-17,CLI-443,Chile,Estilo de Vida,Silla Gaming X,288.01,1,10.18,App,5
ORD-1004,2025-03-13,CLI-342,Argentina,Tecnología,Monitor 4K Curved,1188.64,1,71.87,Web,3
ORD-1005,2025-07-08,CLI-153,Argentina,Tecnología,Laptop Pro 15,199.29,1,18.81,Tienda Física,5
ORD-1006,2025-01-21,CLI-244,México,Estilo de Vida,Mochila Ergonómica,167.52,1,8.38,Web,4
ORD-1007,2025-04-13,CLI-204,México,Tecnología,Auriculares Noise-Cancelling,385.66,1,26.52,App,2
ORD-1008,2025-05-02,CLI-360,Argentina,Tecnología,Auriculares Noise-Cancelling,285.99,3,28.19,Tienda Física,5
ORD-1009,2025-08-03,CLI-415,México,Estilo de Vida,Botella Térmica Inteligente,137.32,1,6.35,App,2
ORD-1010,2025-11-27,CLI-139,Chile,Tecnología,Smartwatch Series Z,229.94,3,25.01,App,4
ORD-1011,2025-03-29,CLI-403,España,Estilo de Vida,Lámpara LED Escritorio,262.74,1,9.61,Tienda Física,3
ORD-1012,2025-04-10,CLI-144,España,Estilo de Vida,Lámpara LED Escritorio,90.64,1,11.37,App,5
ORD-1013,2025-12-26,CLI-305,España,Estilo de Vida,Lámpara LED Escritorio,266.74,3,3.05,App,5
ORD-1014,2025-06-01,CLI-287,Colombia,Estilo de Vida,Silla Gaming X,26.76,1,5.58,Tienda Física,3
ORD-1015,2025-05-11,CLI-159,Chile,Tecnología,Monitor 4K Curved,968.84,2,54.51,App,4
ORD-1016,2025-05-30,CLI-493,España,Tecnología,Monitor 4K Curved,257.64,1,27.25,Web,5
ORD-1017,2025-11-05,CLI-480,Colombia,Tecnología,Laptop Pro 15,228.43,4,24.95,Tienda Física,2
ORD-1018,2025-09-15,CLI-325,Colombia,Tecnología,Monitor 4K Curved,173.23,1,16.9,App,4
ORD-1019,2025-12-10,CLI-183,España,Estilo de Vida,Mochila Ergonómica,53.1,2,10.69,App,2
ORD-1020,2025-10-21,CLI-183,Chile,Estilo de Vida,Lámpara LED Escritorio,263.71,1,11.67,App,5
ORD-1021,2025-07-11,CLI-380,Colombia,Tecnología,Smartphone Alpha,614.41,1,38.84,App,3
ORD-1022,2025-10-04,CLI-178,Argentina,Estilo de Vida,Botella Térmica Inteligente,262.7,3,7.26,Web,5
ORD-1023,2025-06-10,CLI-145,Chile,Tecnología,Laptop Pro 15,949.08,1,58.72,Web,5
ORD-1024,2025-11-10,CLI-216,España,Tecnología,Smartphone Alpha,787.67,3,46.86,Web,4
ORD-1025,2025-01-22,CLI-265,España,Tecnología,Auriculares Noise-Cancelling,1183.57,1,65.67,App,5
ORD-1026,2025-09-10,CLI-175,Colombia,Tecnología,Monitor 4K Curved,944.91,3,61.77,App,2
ORD-1027,2025-08-24,CLI-176,México,Estilo de Vida,Silla Gaming X,218.18,1,8.04,Web,2
ORD-1028,2025-12-11,CLI-416,España,Tecnología,Laptop Pro 15,1176.34,2,65.83,Web,2
ORD-1029,2025-02-18,CLI-417,Argentina,Estilo de Vida,Mochila Ergonómica,282.46,1,3.47,App,5
ORD-1030,2025-02-28,CLI-226,Argentina,Estilo de Vida,Lámpara LED Escritorio,158.21,1,8.95,App,4
ORD-1031,2025-06-19,CLI-246,México,Tecnología,Laptop Pro 15,610.54,1,42.78,App,5
ORD-1032,2025-07-07,CLI-310,España,Estilo de Vida,Silla Gaming X,229.68,1,10.85,Web,1
ORD-1033,2025-09-28,CLI-490,México,Tecnología,Smartphone Alpha,667.94,1,39.21,Web,3
ORD-1034,2025-07-09,CLI-251,España,Tecnología,Monitor 4K Curved,913.53,1,58.1,Web,5
ORD-1035,2025-06-24,CLI-361,Argentina,Tecnología,Auriculares Noise-Cancelling,757.61,2,47.27,Web,5
ORD-1036,2025-02-20,CLI-454,Colombia,Estilo de Vida,Lámpara LED Escritorio,187.9,1,11.21,App,5
ORD-1037,2025-12-30,CLI-140,México,Estilo de Vida,Silla Gaming X,274.98,3,4.62,App,2
ORD-1038,2025-02-24,CLI-444,España,Tecnología,Smartwatch Series Z,575.27,1,39.69,App,5
ORD-1039,2025-09-01,CLI-386,España,Estilo de Vida,Botella Térmica Inteligente,260.95,1,3.08,App,3
ORD-1040,2025-11-16,CLI-270,México,Tecnología,Auriculares Noise-Cancelling,614.13,3,39.02,Tienda Física,3
ORD-1041,2025-05-11,CLI-219,Colombia,Estilo de Vida,Mochila Ergonómica,70.94,1,4.51,App,4
ORD-1042,2025-11-03,CLI-119,España,Estilo de Vida,Silla Gaming X,262.66,3,8.02,Web,4
ORD-1043,2025-05-15,CLI-375,México,Tecnología,Smartphone Alpha,278.22,3,23.43,Web,1
ORD-1044,2025-01-21,CLI-277,México,Estilo de Vida,Lámpara LED Escritorio,26.36,1,11.57,Tienda Física,4
ORD-1045,2025-11-25,CLI-228,Colombia,Tecnología,Smartwatch Series Z,282.03,3,20.43,Web,5
ORD-1046,2025-06-16,CLI-213,Argentina,Estilo de Vida,Set de Teclado Mecánico,147.03,1,10.81,App,5
ORD-1047,2025-10-01,CLI-246,Colombia,Tecnología,Laptop Pro 15,1062.35,1,63.82,Tienda Física,5
ORD-1048,2025-03-30,CLI-260,Colombia,Estilo de Vida,Set de Teclado Mecánico,208.42,1,8.19,Web,4
ORD-1049,2025-11-12,CLI-118,Argentina,Tecnología,Monitor 4K Curved,971.5,4,59.25,App,5
ORD-1050,2025-01-14,CLI-312,España,Estilo de Vida,Botella Térmica Inteligente,266.42,2,5.85,Web,5
ORD-1051,2025-08-30,CLI-390,México,Tecnología,Smartwatch Series Z,790.32,1,50.15,App,4
ORD-1052,2025-09-22,CLI-427,México,Tecnología,Laptop Pro 15,766.41,1,45.0,App,4
ORD-1053,2025-12-12,CLI-142,España,Tecnología,Smartwatch Series Z,176.92,3,17.26,App,4
ORD-1054,2025-02-22,CLI-498,Argentina,Estilo de Vida,Botella Térmica Inteligente,221.76,2,7.69,Web,2
ORD-1055,2025-12-06,CLI-151,México,Tecnología,Auriculares Noise-Cancelling,549.08,2,34.43,Web,3
ORD-1056,2025-04-02,CLI-231,Colombia,Estilo de Vida,Set de Teclado Mecánico,245.83,1,7.85,App,3
ORD-1057,2025-09-21,CLI-397,España,Estilo de Vida,Lámpara LED Escritorio,58.89,2,10.73,Web,5
ORD-1058,2025-02-04,CLI-474,Colombia,Estilo de Vida,Silla Gaming X,157.98,1,10.25,Web,5
ORD-1059,2025-07-25,CLI-171,México,Estilo de Vida,Set de Teclado Mecánico,268.16,1,5.05,App,5
ORD-1060,2025-03-22,CLI-245,México,Estilo de Vida,Mochila Ergonómica,90.14,1,10.02,Tienda Física,5
ORD-1061,2025-02-19,CLI-249,Argentina,Estilo de Vida,Botella Térmica Inteligente,149.24,1,8.28,App,3
ORD-1062,2025-12-26,CLI-419,España,Tecnología,Auriculares Noise-Cancelling,787.45,3,49.84,App,2
ORD-1063,2025-01-02,CLI-401,España,Tecnología,Monitor 4K Curved,859.63,1,52.41,App,4
ORD-1064,2025-02-23,CLI-172,Colombia,Tecnología,Laptop Pro 15,504.09,2,39.26,Web,4
ORD-1065,2025-04-16,CLI-259,Colombia,Tecnología,Auriculares Noise-Cancelling,510.74,1,36.71,Tienda Física,2
ORD-1066,2025-09-17,CLI-201,España,Tecnología,Laptop Pro 15,864.14,1,50.52,Web,4
ORD-1067,2025-11-06,CLI-410,España,Tecnología,Laptop Pro 15,618.67,3,39.27,Tienda Física,5
ORD-1068,2025-07-10,CLI-378,México,Tecnología,Smartphone Alpha,1012.9,1,55.66,Tienda Física,4
ORD-1069,2025-08-06,CLI-330,España,Tecnología,Monitor 4K Curved,924.04,1,58.89,App,3
ORD-1070,2025-02-13,CLI-165,España,Estilo de Vida,Set de Teclado Mecánico,252.17,2,10.04,Web,3
ORD-1071,2025-06-11,CLI-410,México,Tecnología,Laptop Pro 15,1133.81,1,67.23,Web,5
ORD-1072,2025-07-21,CLI-390,España,Tecnología,Auriculares Noise-Cancelling,753.32,1,48.33,App,4
ORD-1073,2025-09-27,CLI-165,España,Estilo de Vida,Botella Térmica Inteligente,263.72,2,10.25,Web,4
ORD-1074,2025-12-17,CLI-194,México,Tecnología,Auriculares Noise-Cancelling,513.4,2,40.43,App,4
ORD-1075,2025-10-31,CLI-124,España,Tecnología,Monitor 4K Curved,483.41,2,38.7,App,4
ORD-1076,2025-09-28,CLI-415,México,Tecnología,Monitor 4K Curved,727.01,1,51.01,Web,4
ORD-1077,2025-08-03,CLI-444,México,Estilo de Vida,Set de Teclado Mecánico,29.86,1,8.42,Web,3
ORD-1078,2025-09-09,CLI-255,España,Tecnología,Auriculares Noise-Cancelling,941.97,1,58.29,Web,2
ORD-1079,2025-07-09,CLI-479,España,Tecnología,Auriculares Noise-Cancelling,336.65,1,28.75,App,3
ORD-1080,2025-10-23,CLI-106,México,Tecnología,Smartwatch Series Z,838.51,2,55.41,App,5
ORD-1081,2025-08-01,CLI-248,México,Tecnología,Monitor 4K Curved,556.43,1,42.46,Web,5
ORD-1082,2025-07-27,CLI-272,Colombia,Estilo de Vida,Botella Térmica Inteligente,77.17,1,8.57,Tienda Física,3
ORD-1083,2025-08-25,CLI-295,España,Tecnología,Smartphone Alpha,265.22,1,23.74,Tienda Física,4
ORD-1084,2025-12-04,CLI-204,Argentina,Estilo de Vida,Silla Gaming X,204.22,2,10.3,Web,5
ORD-1085,2025-02-22,CLI-331,Chile,Tecnología,Smartphone Alpha,1139.97,1,70.09,Web,3
ORD-1086,2025-10-07,CLI-272,Argentina,Tecnología,Auriculares Noise-Cancelling,670.22,1,42.37,Web,4
ORD-1087,2025-08-05,CLI-251,Colombia,Tecnología,Smartwatch Series Z,687.83,1,46.19,Web,2
ORD-1088,2025-09-09,CLI-127,Argentina,Tecnología,Smartwatch Series Z,924.38,1,54.75,Web,5
ORD-1089,2025-07-07,CLI-319,España,Tecnología,Laptop Pro 15,253.32,2,24.27,Web,2
ORD-1090,2025-02-10,CLI-316,España,Estilo de Vida,Mochila Ergonómica,293.4,1,9.01,Web,2
ORD-1091,2025-06-06,CLI-499,México,Tecnología,Laptop Pro 15,488.33,1,30.67,Web,5
ORD-1092,2025-01-15,CLI-433,España,Estilo de Vida,Silla Gaming X,68.08,1,3.39,App,4
ORD-1093,2025-10-28,CLI-221,México,Tecnología,Smartphone Alpha,321.87,3,23.83,App,1
ORD-1094,2025-03-06,CLI-337,Chile,Estilo de Vida,Mochila Ergonómica,96.07,1,7.9,Web,5
ORD-1095,2025-12-11,CLI-128,España,Estilo de Vida,Silla Gaming X,39.81,3,5.88,Tienda Física,3
ORD-1096,2025-11-23,CLI-452,México,Estilo de Vida,Silla Gaming X,249.89,3,4.92,Web,5
ORD-1097,2025-01-09,CLI-285,México,Tecnología,Auriculares Noise-Cancelling,309.15,1,21.4,Tienda Física,3
ORD-1098,2025-12-10,CLI-109,Argentina,Tecnología,Smartphone Alpha,928.8,2,60.25,Web,3
ORD-1099,2025-05-09,CLI-153,España,Estilo de Vida,Lámpara LED Escritorio,76.71,2,6.2,App,5
ORD-1100,2025-05-16,CLI-200,España,Estilo de Vida,Mochila Ergonómica,288.47,1,6.31,Web,5
ORD-1101,2025-03-04,CLI-458,Colombia,Tecnología,Monitor 4K Curved,825.53,1,54.08,Web,1
ORD-1102,2025-05-19,CLI-328,México,Tecnología,Smartwatch Series Z,340.39,1,25.9,Tienda Física,5
ORD-1103,2025-03-22,CLI-404,España,Tecnología,Smartwatch Series Z,738.69,1,47.97,Tienda Física,5
ORD-1104,2025-06-12,CLI-272,Argentina,Estilo de Vida,Lámpara LED Escritorio,41.1,2,6.01,App,4
ORD-1105,2025-10-16,CLI-217,Colombia,Tecnología,Smartphone Alpha,605.72,1,36.17,App,5
ORD-1106,2025-09-18,CLI-458,Chile,Estilo de Vida,Mochila Ergonómica,200.33,1,7.47,App,5
ORD-1107,2025-08-19,CLI-297,España,Tecnología,Monitor 4K Curved,343.7,1,25.81,Web,5
ORD-1108,2025-02-10,CLI-148,España,Tecnología,Monitor 4K Curved,971.71,2,54.15,Web,4
ORD-1109,2025-01-28,CLI-199,Chile,Tecnología,Monitor 4K Curved,891.32,1,55.88,Tienda Física,5
ORD-1110,2025-05-15,CLI-205,España,Estilo de Vida,Silla Gaming X,61.12,3,6.59,Web,3
ORD-1111,2025-07-20,CLI-316,España,Tecnología,Smartwatch Series Z,439.51,2,29.73,Tienda Física,4
ORD-1112,2025-11-24,CLI-106,España,Estilo de Vida,Silla Gaming X,68.0,3,10.68,Tienda Física,4
ORD-1113,2025-09-25,CLI-475,España,Tecnología,Laptop Pro 15,919.07,1,56.44,Tienda Física,5
ORD-1114,2025-02-02,CLI-470,España,Tecnología,Smartphone Alpha,669.21,1,48.26,App,4
ORD-1115,2025-02-17,CLI-388,España,Estilo de Vida,Silla Gaming X,121.11,1,4.03,Web,5
ORD-1116,2025-03-03,CLI-297,México,Tecnología,Monitor 4K Curved,388.78,1,28.48,App,5
ORD-1117,2025-08-04,CLI-224,México,Estilo de Vida,Botella Térmica Inteligente,70.59,2,11.51,App,4
ORD-1118,2025-10-20,CLI-131,España,Estilo de Vida,Silla Gaming X,42.13,2,7.61,Web,5
ORD-1119,2025-04-09,CLI-215,España,Tecnología,Smartwatch Series Z,722.09,2,48.69,Web,5
ORD-1120,2025-06-21,CLI-486,México,Estilo de Vida,Lámpara LED Escritorio,285.33,2,8.04,App,2
ORD-1121,2025-12-26,CLI-406,España,Estilo de Vida,Mochila Ergonómica,132.45,2,10.19,Tienda Física,5
ORD-1122,2025-08-02,CLI-146,Colombia,Tecnología,Smartwatch Series Z,699.5,2,42.85,App,5
ORD-1123,2025-02-04,CLI-213,Argentina,Tecnología,Laptop Pro 15,315.85,2,27.75,Web,5
ORD-1124,2025-08-15,CLI-465,Argentina,Tecnología,Smartphone Alpha,778.02,1,44.23,App,4
ORD-1125,2025-04-11,CLI-368,Chile,Tecnología,Smartphone Alpha,993.78,3,59.74,Web,5
ORD-1126,2025-05-11,CLI-380,México,Tecnología,Smartwatch Series Z,1076.02,1,63.08,Web,4
ORD-1127,2025-09-14,CLI-310,Argentina,Estilo de Vida,Botella Térmica Inteligente,46.84,1,9.58,Tienda Física,4
ORD-1128,2025-01-05,CLI-385,México,Estilo de Vida,Mochila Ergonómica,154.57,1,10.39,Web,5
ORD-1129,2025-08-06,CLI-437,Chile,Tecnología,Monitor 4K Curved,268.59,2,19.3,Web,5
ORD-1130,2025-09-12,CLI-388,Argentina,Estilo de Vida,Mochila Ergonómica,144.76,2,8.2,Tienda Física,3
ORD-1131,2025-12-25,CLI-346,Colombia,Tecnología,Laptop Pro 15,491.36,2,36.43,Web,5
ORD-1132,2025-10-10,CLI-401,España,Tecnología,Auriculares Noise-Cancelling,878.86,1,54.07,Web,4
ORD-1133,2025-07-26,CLI-350,España,Estilo de Vida,Silla Gaming X,264.58,2,9.89,App,5
ORD-1134,2025-01-15,CLI-129,México,Tecnología,Auriculares Noise-Cancelling,266.54,1,22.8,Tienda Física,4
ORD-1135,2025-12-12,CLI-209,España,Estilo de Vida,Lámpara LED Escritorio,141.2,4,3.38,Tienda Física,5
ORD-1136,2025-02-11,CLI-220,México,Estilo de Vida,Botella Térmica Inteligente,217.31,3,10.56,App,5
ORD-1137,2025-06-28,CLI-475,España,Tecnología,Smartwatch Series Z,268.21,1,25.45,Web,1
ORD-1138,2025-03-04,CLI-101,España,Tecnología,Auriculares Noise-Cancelling,227.95,2,18.66,App,5
ORD-1139,2025-12-18,CLI-163,España,Estilo de Vida,Mochila Ergonómica,296.98,3,8.64,App,4
ORD-1140,2025-08-19,CLI-492,España,Estilo de Vida,Set de Teclado Mecánico,168.4,2,3.57,App,2
ORD-1141,2025-08-29,CLI-273,España,Estilo de Vida,Mochila Ergonómica,42.79,1,11.6,App,5
ORD-1142,2025-02-21,CLI-278,México,Estilo de Vida,Mochila Ergonómica,118.72,1,4.48,Tienda Física,5
ORD-1143,2025-04-06,CLI-460,Chile,Tecnología,Smartwatch Series Z,259.44,1,21.82,App,5
ORD-1144,2025-08-10,CLI-192,España,Tecnología,Smartphone Alpha,153.07,1,13.05,Tienda Física,4
ORD-1145,2025-08-19,CLI-401,México,Tecnología,Auriculares Noise-Cancelling,355.9,1,28.9,Web,1
ORD-1146,2025-08-25,CLI-409,España,Tecnología,Auriculares Noise-Cancelling,1036.12,1,59.66,Web,4
ORD-1147,2025-05-23,CLI-138,Argentina,Estilo de Vida,Mochila Ergonómica,249.59,2,5.56,App,4
ORD-1148,2025-06-20,CLI-171,España,Tecnología,Auriculares Noise-Cancelling,197.1,3,19.36,Web,5
ORD-1149,2025-01-29,CLI-252,Chile,Estilo de Vida,Set de Teclado Mecánico,96.0,1,9.07,App,5
ORD-1150,2025-02-05,CLI-181,Colombia,Estilo de Vida,Set de Teclado Mecánico,253.14,2,3.37,Web,5
ORD-1151,2025-01-13,CLI-384,Colombia,Tecnología,Smartwatch Series Z,727.06,1,50.36,Web,4
ORD-1152,2025-06-09,CLI-358,España,Estilo de Vida,Botella Térmica Inteligente,269.21,1,8.39,Web,3
ORD-1153,2025-11-23,CLI-334,España,Estilo de Vida,Lámpara LED Escritorio,228.77,4,7.77,Web,4
ORD-1154,2025-07-06,CLI-393,México,Tecnología,Monitor 4K Curved,569.34,2,42.57,Web,5
ORD-1155,2025-08-31,CLI-453,Argentina,Estilo de Vida,Lámpara LED Escritorio,143.23,1,9.06,Web,4
ORD-1156,2025-03-27,CLI-412,México,Tecnología,Auriculares Noise-Cancelling,1050.44,1,66.69,Web,4
ORD-1157,2025-10-11,CLI-292,España,Tecnología,Smartwatch Series Z,872.83,1,52.39,Web,5
ORD-1158,2025-03-07,CLI-404,España,Estilo de Vida,Lámpara LED Escritorio,32.0,1,8.81,Web,4
ORD-1159,2025-06-19,CLI-424,España,Tecnología,Monitor 4K Curved,707.64,1,48.8,App,3
ORD-1160,2025-02-14,CLI-150,Chile,Tecnología,Auriculares Noise-Cancelling,708.51,1,41.78,Web,4
ORD-1161,2025-03-03,CLI-134,España,Tecnología,Auriculares Noise-Cancelling,304.41,1,25.1,Tienda Física,4
ORD-1162,2025-05-14,CLI-323,España,Estilo de Vida,Silla Gaming X,298.59,1,7.91,App,1
ORD-1163,2025-10-11,CLI-486,España,Tecnología,Smartwatch Series Z,1179.11,1,68.73,Web,5
ORD-1164,2025-01-28,CLI-484,Chile,Tecnología,Monitor 4K Curved,354.36,1,23.29,Web,4
ORD-1165,2025-04-18,CLI-203,Chile,Tecnología,Monitor 4K Curved,616.25,1,42.07,Web,5
ORD-1166,2025-02-13,CLI-163,Colombia,Tecnología,Laptop Pro 15,634.52,1,44.03,Tienda Física,5
ORD-1167,2025-12-06,CLI-283,México,Tecnología,Laptop Pro 15,908.25,3,55.75,App,2
ORD-1168,2025-10-13,CLI-282,México,Tecnología,Laptop Pro 15,1141.24,1,63.55,Tienda Física,5
ORD-1169,2025-11-27,CLI-318,España,Tecnología,Auriculares Noise-Cancelling,363.38,2,30.79,Tienda Física,5
ORD-1170,2025-05-08,CLI-436,Chile,Tecnología,Auriculares Noise-Cancelling,782.22,2,50.03,Web,2
ORD-1171,2025-12-14,CLI-307,Chile,Estilo de Vida,Mochila Ergonómica,270.6,3,3.56,Web,3
ORD-1172,2025-08-19,CLI-268,Colombia,Estilo de Vida,Set de Teclado Mecánico,33.4,1,10.85,App,5
ORD-1173,2025-07-09,CLI-166,España,Tecnología,Smartphone Alpha,983.06,1,64.06,Tienda Física,1
ORD-1174,2025-08-13,CLI-356,Argentina,Estilo de Vida,Mochila Ergonómica,199.05,1,3.62,Tienda Física,5
ORD-1175,2025-10-10,CLI-174,Colombia,Estilo de Vida,Botella Térmica Inteligente,53.71,2,6.59,Web,1
ORD-1176,2025-05-01,CLI-165,España,Tecnología,Auriculares Noise-Cancelling,813.69,1,51.45,Web,5
ORD-1177,2025-04-26,CLI-389,México,Tecnología,Laptop Pro 15,984.24,1,61.28,Web,3
ORD-1178,2025-08-21,CLI-152,España,Tecnología,Auriculares Noise-Cancelling,173.13,2,19.49,App,1
ORD-1179,2025-09-16,CLI-151,México,Tecnología,Smartphone Alpha,279.07,1,27.84,Web,5
ORD-1180,2025-12-25,CLI-158,México,Estilo de Vida,Botella Térmica Inteligente,91.53,4,9.43,Web,2
ORD-1181,2025-07-17,CLI-148,Colombia,Estilo de Vida,Botella Térmica Inteligente,135.4,2,4.43,Tienda Física,3
ORD-1182,2025-05-17,CLI-489,España,Tecnología,Smartphone Alpha,686.69,1,39.8,App,5
ORD-1183,2025-11-14,CLI-199,Argentina,Tecnología,Smartphone Alpha,236.85,3,26.15,Web,4
ORD-1184,2025-06-14,CLI-317,España,Estilo de Vida,Lámpara LED Escritorio,144.3,1,11.19,Tienda Física,5
ORD-1185,2025-08-13,CLI-123,Colombia,Tecnología,Smartwatch Series Z,814.35,1,52.76,Web,5
ORD-1186,2025-11-03,CLI-200,Colombia,Estilo de Vida,Mochila Ergonómica,210.93,3,11.5,App,1
ORD-1187,2025-08-22,CLI-112,Argentina,Tecnología,Smartwatch Series Z,1059.11,1,62.72,App,1
ORD-1188,2025-06-21,CLI-199,Colombia,Tecnología,Monitor 4K Curved,586.59,1,41.53,Tienda Física,5
ORD-1189,2025-06-01,CLI-248,Colombia,Estilo de Vida,Set de Teclado Mecánico,34.88,3,6.55,Web,5
ORD-1190,2025-11-11,CLI-402,Argentina,Estilo de Vida,Mochila Ergonómica,269.81,2,5.59,Tienda Física,4
ORD-1191,2025-06-09,CLI-210,México,Estilo de Vida,Set de Teclado Mecánico,129.25,1,6.04,Web,4
ORD-1192,2025-04-06,CLI-439,México,Tecnología,Smartwatch Series Z,774.89,1,43.84,Tienda Física,5
ORD-1193,2025-08-21,CLI-261,Argentina,Tecnología,Smartphone Alpha,697.36,1,49.63,Web,5
ORD-1194,2025-06-29,CLI-472,México,Tecnología,Monitor 4K Curved,508.89,1,37.83,App,4
ORD-1195,2025-04-23,CLI-313,Argentina,Estilo de Vida,Silla Gaming X,257.94,2,3.21,App,4
ORD-1196,2025-11-14,CLI-189,México,Tecnología,Auriculares Noise-Cancelling,895.64,2,59.16,App,2
ORD-1197,2025-02-21,CLI-189,Argentina,Estilo de Vida,Set de Teclado Mecánico,170.95,1,8.86,App,3
ORD-1198,2025-09-25,CLI-167,Chile,Tecnología,Laptop Pro 15,1090.88,1,68.02,Web,4
ORD-1199,2025-10-22,CLI-258,Colombia,Tecnología,Smartwatch Series Z,824.96,3,54.35,Web,4
ORD-1200,2025-04-23,CLI-325,España,Estilo de Vida,Botella Térmica Inteligente,214.78,1,11.38,Web,4
ORD-1201,2025-04-11,CLI-401,Argentina,Tecnología,Monitor 4K Curved,1146.52,1,71.95,Tienda Física,4
ORD-1202,2025-04-23,CLI-432,Argentina,Tecnología,Auriculares Noise-Cancelling,324.04,1,25.66,Web,5
ORD-1203,2025-03-22,CLI-431,México,Tecnología,Smartwatch Series Z,842.07,1,48.19,Web,5
ORD-1204,2025-07-06,CLI-384,España,Tecnología,Smartphone Alpha,1115.36,1,62.53,Web,5
ORD-1205,2025-04-23,CLI-451,España,Estilo de Vida,Botella Térmica Inteligente,217.04,3,6.56,Tienda Física,5
ORD-1206,2025-01-02,CLI-173,Argentina,Tecnología,Smartphone Alpha,631.15,3,44.37,App,5
ORD-1207,2025-05-10,CLI-190,España,Estilo de Vida,Silla Gaming X,279.7,1,5.06,Web,5
ORD-1208,2025-08-08,CLI-254,España,Tecnología,Auriculares Noise-Cancelling,180.63,1,18.84,Web,4
ORD-1209,2025-02-23,CLI-212,Argentina,Estilo de Vida,Mochila Ergonómica,37.35,1,9.85,Web,5
ORD-1210,2025-12-09,CLI-356,México,Tecnología,Laptop Pro 15,524.98,3,39.12,App,5
ORD-1211,2025-08-12,CLI-377,España,Tecnología,Monitor 4K Curved,1173.09,2,63.93,App,5
ORD-1212,2025-08-13,CLI-470,México,Estilo de Vida,Set de Teclado Mecánico,86.84,2,6.88,App,4
ORD-1213,2025-05-06,CLI-183,Argentina,Tecnología,Smartwatch Series Z,601.61,2,44.12,Web,5
ORD-1214,2025-05-10,CLI-423,España,Tecnología,Smartwatch Series Z,364.68,1,25.79,App,5
ORD-1215,2025-02-22,CLI-123,España,Tecnología,Auriculares Noise-Cancelling,682.27,2,43.21,Tienda Física,5
ORD-1216,2025-06-21,CLI-353,México,Tecnología,Smartwatch Series Z,309.17,1,29.22,Web,1
ORD-1217,2025-08-06,CLI-184,Chile,Tecnología,Smartphone Alpha,150.01,1,16.67,Web,3
ORD-1218,2025-06-09,CLI-268,Colombia,Tecnología,Auriculares Noise-Cancelling,1076.87,1,59.36,Web,5
ORD-1219,2025-07-17,CLI-478,España,Estilo de Vida,Botella Térmica Inteligente,108.31,2,5.93,Tienda Física,4
ORD-1220,2025-09-04,CLI-386,Colombia,Estilo de Vida,Silla Gaming X,295.84,1,9.79,App,2
ORD-1221,2025-11-20,CLI-210,España,Estilo de Vida,Lámpara LED Escritorio,98.98,3,7.66,Web,5
ORD-1222,2025-07-22,CLI-293,Chile,Estilo de Vida,Set de Teclado Mecánico,179.03,2,10.03,Web,4
ORD-1223,2025-07-03,CLI-268,España,Estilo de Vida,Lámpara LED Escritorio,245.97,1,4.1,Tienda Física,1
ORD-1224,2025-05-03,CLI-208,Argentina,Tecnología,Monitor 4K Curved,374.06,1,30.35,Web,5
ORD-1225,2025-09-12,CLI-142,Chile,Estilo de Vida,Mochila Ergonómica,110.8,1,7.34,Web,1
ORD-1226,2025-10-21,CLI-267,México,Estilo de Vida,Botella Térmica Inteligente,194.38,1,10.59,App,5
ORD-1227,2025-10-07,CLI-179,Colombia,Tecnología,Smartphone Alpha,474.28,1,33.54,Tienda Física,5
ORD-1228,2025-11-21,CLI-106,Colombia,Tecnología,Laptop Pro 15,999.23,3,61.73,Tienda Física,5
ORD-1229,2025-04-08,CLI-111,España,Tecnología,Auriculares Noise-Cancelling,1043.21,1,66.98,Web,3
ORD-1230,2025-07-17,CLI-475,Argentina,Tecnología,Auriculares Noise-Cancelling,351.0,3,26.67,Web,5
ORD-1231,2025-08-28,CLI-240,España,Estilo de Vida,Botella Térmica Inteligente,144.01,1,9.17,Web,5
ORD-1232,2025-05-24,CLI-491,Chile,Estilo de Vida,Lámpara LED Escritorio,240.95,3,8.41,Web,5
ORD-1233,2025-04-07,CLI-318,México,Tecnología,Monitor 4K Curved,1175.96,1,64.83,Tienda Física,3
ORD-1234,2025-07-20,CLI-253,México,Tecnología,Auriculares Noise-Cancelling,785.76,2,49.46,App,5
ORD-1235,2025-05-04,CLI-466,México,Estilo de Vida,Lámpara LED Escritorio,45.79,1,11.56,Web,5
ORD-1236,2025-07-06,CLI-332,Colombia,Tecnología,Monitor 4K Curved,165.87,1,22.94,App,5
ORD-1237,2025-11-22,CLI-147,Colombia,Tecnología,Auriculares Noise-Cancelling,777.55,5,52.54,Web,3
ORD-1238,2025-12-15,CLI-182,Chile,Tecnología,Smartwatch Series Z,886.2,2,56.11,Web,4
ORD-1239,2025-09-16,CLI-382,Colombia,Estilo de Vida,Silla Gaming X,224.57,2,8.56,Web,4
ORD-1240,2025-05-28,CLI-347,Argentina,Tecnología,Auriculares Noise-Cancelling,1084.56,2,60.07,Tienda Física,4
ORD-1241,2025-09-09,CLI-146,España,Tecnología,Auriculares Noise-Cancelling,819.57,2,48.4,Web,5
ORD-1242,2025-12-12,CLI-260,México,Tecnología,Smartphone Alpha,375.13,3,26.46,Web,3
ORD-1243,2025-05-27,CLI-273,México,Estilo de Vida,Botella Térmica Inteligente,127.36,2,6.0,Web,3
ORD-1244,2025-05-28,CLI-206,México,Tecnología,Smartphone Alpha,416.03,1,35.68,App,3
ORD-1245,2025-12-18,CLI-462,México,Tecnología,Smartphone Alpha,1058.45,4,67.08,App,5
ORD-1246,2025-07-18,CLI-238,México,Estilo de Vida,Botella Térmica Inteligente,162.34,1,7.82,App,4
ORD-1247,2025-11-04,CLI-102,España,Tecnología,Monitor 4K Curved,466.1,3,33.33,Web,3
ORD-1248,2025-05-08,CLI-341,Argentina,Tecnología,Laptop Pro 15,579.22,1,43.2,App,5
ORD-1249,2025-02-08,CLI-333,Chile,Estilo de Vida,Set de Teclado Mecánico,252.28,2,7.02,Web,4
ORD-1250,2025-12-04,CLI-135,Chile,Tecnología,Monitor 4K Curved,929.66,3,52.25,Web,5
ORD-1251,2025-12-26,CLI-138,España,Estilo de Vida,Mochila Ergonómica,164.05,3,11.47,Tienda Física,5
ORD-1252,2025-05-09,CLI-384,México,Tecnología,Monitor 4K Curved,860.79,2,56.42,App,5
ORD-1253,2025-09-24,CLI-233,Colombia,Tecnología,Monitor 4K Curved,908.03,1,54.25,Web,5
ORD-1254,2025-05-31,CLI-214,España,Estilo de Vida,Mochila Ergonómica,119.94,2,6.73,Tienda Física,5
ORD-1255,2025-10-25,CLI-481,España,Tecnología,Smartphone Alpha,372.49,1,26.73,Web,4
ORD-1256,2025-04-09,CLI-453,Colombia,Estilo de Vida,Lámpara LED Escritorio,178.14,1,6.74,App,5
ORD-1257,2025-09-20,CLI-227,España,Tecnología,Smartphone Alpha,812.99,1,50.97,App,4
ORD-1258,2025-09-09,CLI-340,México,Estilo de Vida,Mochila Ergonómica,81.72,2,6.53,Web,4
ORD-1259,2025-05-24,CLI-124,Colombia,Estilo de Vida,Lámpara LED Escritorio,43.99,1,7.27,App,3
ORD-1260,2025-12-12,CLI-298,España,Estilo de Vida,Mochila Ergonómica,172.31,4,10.53,Web,3
ORD-1261,2025-04-22,CLI-245,México,Tecnología,Auriculares Noise-Cancelling,1011.63,1,59.63,Web,5
ORD-1262,2025-03-01,CLI-412,Chile,Estilo de Vida,Botella Térmica Inteligente,43.42,1,10.9,App,2
ORD-1263,2025-01-02,CLI-438,México,Estilo de Vida,Botella Térmica Inteligente,128.25,1,10.23,Tienda Física,4
ORD-1264,2025-10-31,CLI-334,España,Tecnología,Auriculares Noise-Cancelling,891.97,1,53.34,Web,5
ORD-1265,2025-09-11,CLI-300,España,Estilo de Vida,Mochila Ergonómica,127.64,1,8.69,Web,4
ORD-1266,2025-05-20,CLI-143,España,Tecnología,Monitor 4K Curved,697.13,1,43.36,App,3
ORD-1267,2025-02-06,CLI-163,Argentina,Estilo de Vida,Silla Gaming X,78.62,2,11.01,Tienda Física,4
ORD-1268,2025-06-09,CLI-107,Colombia,Estilo de Vida,Botella Térmica Inteligente,184.17,1,8.69,Web,3
ORD-1269,2025-01-09,CLI-180,México,Tecnología,Smartphone Alpha,403.58,1,27.33,Tienda Física,3
ORD-1270,2025-08-21,CLI-338,España,Tecnología,Laptop Pro 15,551.94,1,40.82,App,5
ORD-1271,2025-04-09,CLI-455,Colombia,Estilo de Vida,Lámpara LED Escritorio,200.0,1,5.92,Web,3
ORD-1272,2025-05-27,CLI-456,España,Estilo de Vida,Botella Térmica Inteligente,207.04,2,10.33,App,2
ORD-1273,2025-10-31,CLI-104,Argentina,Estilo de Vida,Mochila Ergonómica,143.9,1,3.28,Web,3
ORD-1274,2025-07-27,CLI-176,Colombia,Estilo de Vida,Botella Térmica Inteligente,240.54,1,6.86,App,4
ORD-1275,2025-05-11,CLI-386,Argentina,Estilo de Vida,Botella Térmica Inteligente,230.7,2,10.31,Tienda Física,5
ORD-1276,2025-06-01,CLI-286,México,Estilo de Vida,Set de Teclado Mecánico,260.96,1,11.98,Web,2
ORD-1277,2025-02-23,CLI-455,España,Estilo de Vida,Lámpara LED Escritorio,28.77,1,3.72,Web,5
ORD-1278,2025-04-30,CLI-128,España,Tecnología,Auriculares Noise-Cancelling,155.61,1,22.16,Web,2
ORD-1279,2025-06-10,CLI-282,Argentina,Estilo de Vida,Lámpara LED Escritorio,210.93,1,4.25,App,4
ORD-1280,2025-04-26,CLI-113,México,Estilo de Vida,Lámpara LED Escritorio,154.05,1,6.99,Tienda Física,5
ORD-1281,2025-03-16,CLI-442,Chile,Tecnología,Auriculares Noise-Cancelling,1024.47,2,59.85,Web,5
ORD-1282,2025-04-23,CLI-313,México,Estilo de Vida,Mochila Ergonómica,203.38,1,5.48,App,3
ORD-1283,2025-04-14,CLI-367,Colombia,Tecnología,Smartphone Alpha,1029.24,1,58.16,App,5
ORD-1284,2025-12-06,CLI-421,México,Tecnología,Smartwatch Series Z,1158.97,3,68.31,Tienda Física,5
ORD-1285,2025-09-11,CLI-308,España,Estilo de Vida,Botella Térmica Inteligente,228.66,1,3.85,App,3
ORD-1286,2025-08-15,CLI-254,Chile,Estilo de Vida,Silla Gaming X,92.73,1,9.22,App,5
ORD-1287,2025-04-22,CLI-194,Chile,Estilo de Vida,Mochila Ergonómica,299.24,2,3.27,App,4
ORD-1288,2025-04-09,CLI-110,Argentina,Estilo de Vida,Silla Gaming X,120.56,1,6.92,App,4
ORD-1289,2025-06-02,CLI-183,España,Estilo de Vida,Silla Gaming X,71.23,1,7.27,Tienda Física,4
ORD-1290,2025-12-15,CLI-155,Colombia,Estilo de Vida,Mochila Ergonómica,291.13,3,6.96,Web,3
ORD-1291,2025-12-04,CLI-265,Argentina,Tecnología,Smartwatch Series Z,523.09,2,37.89,Web,5
ORD-1292,2025-07-13,CLI-227,México,Estilo de Vida,Botella Térmica Inteligente,253.06,1,9.36,Web,5
ORD-1293,2025-11-06,CLI-205,España,Tecnología,Auriculares Noise-Cancelling,153.3,3,14.41,Web,5
ORD-1294,2025-06-12,CLI-370,Argentina,Tecnología,Laptop Pro 15,631.35,1,43.82,App,5
ORD-1295,2025-07-27,CLI-431,México,Tecnología,Monitor 4K Curved,1188.92,1,73.34,Web,5
ORD-1296,2025-06-18,CLI-323,Colombia,Tecnología,Auriculares Noise-Cancelling,840.99,2,48.22,Web,4
ORD-1297,2025-06-10,CLI-409,México,Tecnología,Monitor 4K Curved,1084.38,1,67.4,App,5
ORD-1298,2025-03-09,CLI-230,España,Tecnología,Smartphone Alpha,928.68,1,54.23,Tienda Física,5
ORD-1299,2025-10-16,CLI-131,España,Tecnología,Laptop Pro 15,1098.35,1,65.96,App,5
ORD-1300,2025-10-04,CLI-226,España,Estilo de Vida,Lámpara LED Escritorio,270.85,2,6.04,App,5
ORD-1301,2025-10-31,CLI-375,Argentina,Tecnología,Monitor 4K Curved,1067.78,1,60.89,Web,5
ORD-1302,2025-05-15,CLI-208,México,Tecnología,Smartphone Alpha,309.65,1,25.07,Web,5
ORD-1303,2025-07-14,CLI-101,Argentina,Estilo de Vida,Lámpara LED Escritorio,90.49,1,11.18,Web,3
ORD-1304,2025-05-08,CLI-193,México,Estilo de Vida,Mochila Ergonómica,218.62,1,11.42,App,5
ORD-1305,2025-02-02,CLI-279,México,Tecnología,Smartphone Alpha,686.11,3,45.46,App,2
ORD-1306,2025-06-25,CLI-370,México,Tecnología,Smartphone Alpha,610.09,1,43.9,Web,3
ORD-1307,2025-01-22,CLI-289,España,Tecnología,Monitor 4K Curved,267.17,1,24.44,Web,5
ORD-1308,2025-08-26,CLI-441,Argentina,Tecnología,Auriculares Noise-Cancelling,834.09,1,48.81,Tienda Física,5
ORD-1309,2025-06-07,CLI-248,México,Tecnología,Monitor 4K Curved,936.9,1,56.16,Web,3
ORD-1310,2025-02-07,CLI-392,España,Estilo de Vida,Lámpara LED Escritorio,200.2,1,8.38,Web,5
ORD-1311,2025-08-18,CLI-327,Colombia,Estilo de Vida,Silla Gaming X,121.36,1,11.22,Web,4
ORD-1312,2025-12-31,CLI-196,España,Estilo de Vida,Lámpara LED Escritorio,110.77,2,6.06,Tienda Física,5
ORD-1313,2025-02-20,CLI-241,México,Estilo de Vida,Botella Térmica Inteligente,280.37,1,3.56,Web,3
ORD-1314,2025-09-21,CLI-310,Colombia,Tecnología,Laptop Pro 15,348.86,1,22.49,Tienda Física,3
ORD-1315,2025-10-10,CLI-274,Argentina,Estilo de Vida,Set de Teclado Mecánico,56.57,2,11.47,Web,3
ORD-1316,2025-01-27,CLI-257,España,Tecnología,Laptop Pro 15,1090.34,1,68.61,App,3
ORD-1317,2025-08-14,CLI-242,México,Estilo de Vida,Set de Teclado Mecánico,143.24,1,10.48,App,3
ORD-1318,2025-10-04,CLI-463,España,Estilo de Vida,Silla Gaming X,226.82,1,8.69,Web,1
ORD-1319,2025-10-13,CLI-237,Colombia,Estilo de Vida,Silla Gaming X,184.89,2,3.95,App,4
ORD-1320,2025-04-07,CLI-336,España,Tecnología,Smartphone Alpha,236.87,2,19.38,Web,4
ORD-1321,2025-10-11,CLI-431,Colombia,Tecnología,Monitor 4K Curved,220.6,2,21.98,Web,4
ORD-1322,2025-11-13,CLI-285,Argentina,Estilo de Vida,Set de Teclado Mecánico,181.19,5,5.67,Web,1
ORD-1323,2025-10-31,CLI-420,España,Tecnología,Laptop Pro 15,202.87,1,15.67,Web,5
ORD-1324,2025-05-27,CLI-274,España,Tecnología,Laptop Pro 15,527.17,2,39.59,Web,4
ORD-1325,2025-01-04,CLI-171,México,Tecnología,Laptop Pro 15,313.84,1,29.04,Tienda Física,3
ORD-1326,2025-02-04,CLI-404,España,Estilo de Vida,Set de Teclado Mecánico,130.77,1,7.13,Tienda Física,5
ORD-1327,2025-07-11,CLI-372,Colombia,Tecnología,Laptop Pro 15,184.29,1,18.97,Web,5
ORD-1328,2025-02-18,CLI-199,España,Estilo de Vida,Set de Teclado Mecánico,86.6,1,5.15,App,5
ORD-1329,2025-01-17,CLI-387,España,Estilo de Vida,Botella Térmica Inteligente,254.25,1,10.33,Web,2
ORD-1330,2025-06-21,CLI-499,México,Estilo de Vida,Botella Térmica Inteligente,172.89,1,5.5,Web,1
ORD-1331,2025-08-08,CLI-258,España,Tecnología,Monitor 4K Curved,381.09,2,29.24,Web,5
ORD-1332,2025-06-07,CLI-385,España,Estilo de Vida,Set de Teclado Mecánico,255.04,1,3.45,Web,3
ORD-1333,2025-02-15,CLI-449,Argentina,Estilo de Vida,Botella Térmica Inteligente,36.84,1,10.03,Web,5
ORD-1334,2025-01-06,CLI-477,México,Tecnología,Laptop Pro 15,399.0,2,26.03,App,3
ORD-1335,2025-04-09,CLI-195,Argentina,Tecnología,Monitor 4K Curved,1096.66,2,61.99,App,5
ORD-1336,2025-08-21,CLI-249,México,Estilo de Vida,Silla Gaming X,89.32,2,4.9,Tienda Física,2
ORD-1337,2025-02-06,CLI-350,México,Estilo de Vida,Lámpara LED Escritorio,149.96,3,10.02,Web,4
ORD-1338,2025-10-07,CLI-336,México,Estilo de Vida,Botella Térmica Inteligente,196.26,1,5.0,App,3
ORD-1339,2025-12-15,CLI-215,España,Tecnología,Smartphone Alpha,987.07,3,61.6,Web,5
ORD-1340,2025-10-29,CLI-163,España,Tecnología,Laptop Pro 15,395.5,2,25.01,Tienda Física,3
ORD-1341,2025-06-30,CLI-445,España,Tecnología,Smartphone Alpha,590.61,1,35.04,App,1
ORD-1342,2025-04-05,CLI-229,España,Estilo de Vida,Mochila Ergonómica,241.53,1,5.76,App,5
ORD-1343,2025-04-09,CLI-111,México,Tecnología,Auriculares Noise-Cancelling,894.91,3,52.46,Web,2
ORD-1344,2025-07-07,CLI-383,Chile,Tecnología,Auriculares Noise-Cancelling,995.93,1,57.04,Tienda Física,2
ORD-1345,2025-04-26,CLI-384,Argentina,Tecnología,Smartwatch Series Z,451.69,1,30.38,App,5
ORD-1346,2025-07-10,CLI-384,España,Tecnología,Smartwatch Series Z,878.5,1,54.45,Web,5
ORD-1347,2025-09-10,CLI-133,México,Tecnología,Smartwatch Series Z,578.1,1,35.16,Tienda Física,4
ORD-1348,2025-06-10,CLI-215,España,Tecnología,Monitor 4K Curved,512.06,1,33.98,Web,5
ORD-1349,2025-09-13,CLI-377,Colombia,Estilo de Vida,Mochila Ergonómica,63.8,1,7.91,Web,4
ORD-1350,2025-11-19,CLI-483,Chile,Estilo de Vida,Set de Teclado Mecánico,297.18,2,3.27,Tienda Física,5
ORD-1351,2025-05-08,CLI-415,México,Estilo de Vida,Set de Teclado Mecánico,263.18,1,5.6,App,4
ORD-1352,2025-01-18,CLI-495,Colombia,Estilo de Vida,Set de Teclado Mecánico,143.15,1,5.51,Web,4
ORD-1353,2025-10-08,CLI-359,Argentina,Tecnología,Smartphone Alpha,666.84,1,40.29,App,5
ORD-1354,2025-08-11,CLI-281,España,Tecnología,Laptop Pro 15,452.22,3,28.54,Web,5
ORD-1355,2025-02-23,CLI-395,España,Estilo de Vida,Botella Térmica Inteligente,183.22,1,6.86,App,5
ORD-1356,2025-02-27,CLI-382,España,Tecnología,Smartphone Alpha,834.85,1,49.25,Web,5
ORD-1357,2025-11-19,CLI-325,España,Estilo de Vida,Botella Térmica Inteligente,75.45,2,8.35,Web,2
ORD-1358,2025-12-26,CLI-384,Colombia,Estilo de Vida,Silla Gaming X,238.8,4,9.06,Web,5
ORD-1359,2025-06-23,CLI-497,España,Estilo de Vida,Set de Teclado Mecánico,183.64,1,8.08,Web,5
ORD-1360,2025-10-07,CLI-455,México,Estilo de Vida,Botella Térmica Inteligente,136.81,2,4.29,Web,5
ORD-1361,2025-04-24,CLI-248,Argentina,Estilo de Vida,Mochila Ergonómica,255.32,1,8.53,Web,2
ORD-1362,2025-10-15,CLI-268,España,Estilo de Vida,Silla Gaming X,113.97,1,8.99,Web,2
ORD-1363,2025-12-08,CLI-344,España,Tecnología,Smartwatch Series Z,832.28,3,47.65,Web,5
ORD-1364,2025-05-31,CLI-232,Argentina,Estilo de Vida,Mochila Ergonómica,177.45,1,4.33,Tienda Física,5
ORD-1365,2025-05-07,CLI-442,España,Tecnología,Smartphone Alpha,553.24,3,39.32,Web,4
ORD-1366,2025-06-04,CLI-210,Argentina,Tecnología,Auriculares Noise-Cancelling,708.47,3,49.16,App,4
ORD-1367,2025-09-30,CLI-463,Colombia,Tecnología,Laptop Pro 15,856.13,1,54.63,Web,2
ORD-1368,2025-04-14,CLI-496,España,Estilo de Vida,Set de Teclado Mecánico,95.6,1,10.24,Tienda Física,5
ORD-1369,2025-10-26,CLI-339,España,Tecnología,Smartwatch Series Z,615.19,2,41.93,Web,5
ORD-1370,2025-09-03,CLI-366,Chile,Tecnología,Auriculares Noise-Cancelling,441.74,1,34.8,Tienda Física,4
ORD-1371,2025-06-25,CLI-319,México,Estilo de Vida,Lámpara LED Escritorio,281.45,1,7.71,Web,5
ORD-1372,2025-02-08,CLI-457,Chile,Estilo de Vida,Lámpara LED Escritorio,62.31,1,11.04,Tienda Física,5
ORD-1373,2025-06-19,CLI-153,Chile,Tecnología,Auriculares Noise-Cancelling,1138.66,2,67.23,Tienda Física,5
ORD-1374,2025-09-04,CLI-378,Chile,Tecnología,Smartwatch Series Z,565.73,1,40.85,Web,3
ORD-1375,2025-01-26,CLI-385,México,Tecnología,Auriculares Noise-Cancelling,1167.79,1,67.17,Web,3
ORD-1376,2025-12-21,CLI-146,Chile,Tecnología,Auriculares Noise-Cancelling,624.33,2,39.76,Web,1
ORD-1377,2025-11-02,CLI-237,Chile,Estilo de Vida,Silla Gaming X,134.16,2,7.1,App,3
ORD-1378,2025-01-13,CLI-231,Colombia,Tecnología,Monitor 4K Curved,266.77,1,27.02,Web,1
ORD-1379,2025-11-12,CLI-343,España,Tecnología,Laptop Pro 15,375.66,2,24.2,App,5
ORD-1380,2025-11-09,CLI-359,España,Tecnología,Auriculares Noise-Cancelling,772.41,2,45.1,Web,4
ORD-1381,2025-02-05,CLI-391,Argentina,Estilo de Vida,Botella Térmica Inteligente,154.23,1,7.52,Web,5
ORD-1382,2025-06-22,CLI-143,España,Estilo de Vida,Set de Teclado Mecánico,78.68,1,9.11,Tienda Física,4
ORD-1383,2025-01-20,CLI-217,México,Tecnología,Auriculares Noise-Cancelling,692.1,3,45.41,App,5
ORD-1384,2025-11-17,CLI-472,México,Estilo de Vida,Mochila Ergonómica,265.32,2,3.12,Web,5
ORD-1385,2025-09-21,CLI-477,México,Tecnología,Laptop Pro 15,779.43,1,53.0,Web,1
ORD-1386,2025-05-22,CLI-124,Argentina,Tecnología,Auriculares Noise-Cancelling,767.4,2,46.9,App,5
ORD-1387,2025-05-23,CLI-364,España,Tecnología,Monitor 4K Curved,584.85,1,43.82,App,5
ORD-1388,2025-04-02,CLI-222,Colombia,Tecnología,Monitor 4K Curved,784.58,1,51.87,Web,2
ORD-1389,2025-12-20,CLI-491,México,Tecnología,Auriculares Noise-Cancelling,929.41,3,53.91,Web,4
ORD-1390,2025-11-18,CLI-108,México,Tecnología,Laptop Pro 15,302.59,2,25.19,App,5
ORD-1391,2025-10-15,CLI-100,Chile,Tecnología,Monitor 4K Curved,269.22,2,27.64,Tienda Física,4
ORD-1392,2025-08-03,CLI-476,México,Tecnología,Smartphone Alpha,231.05,1,18.25,Web,3
ORD-1393,2025-12-08,CLI-191,Colombia,Tecnología,Monitor 4K Curved,1146.43,3,63.75,Web,3
ORD-1394,2025-02-20,CLI-422,España,Estilo de Vida,Lámpara LED Escritorio,235.64,1,6.72,App,5
ORD-1395,2025-06-02,CLI-469,Colombia,Estilo de Vida,Set de Teclado Mecánico,90.15,1,3.87,App,4
ORD-1396,2025-07-05,CLI-337,Chile,Tecnología,Smartwatch Series Z,226.37,1,19.12,App,3
ORD-1397,2025-03-04,CLI-437,España,Estilo de Vida,Set de Teclado Mecánico,86.78,1,6.59,Tienda Física,5
ORD-1398,2025-07-09,CLI-198,Argentina,Estilo de Vida,Silla Gaming X,140.5,2,8.21,Tienda Física,2
ORD-1399,2025-05-05,CLI-272,España,Tecnología,Auriculares Noise-Cancelling,632.63,1,43.39,App,5
ORD-1400,2025-05-30,CLI-214,México,Tecnología,Smartwatch Series Z,916.68,1,56.55,Web,4
ORD-1401,2025-11-10,CLI-446,España,Estilo de Vida,Lámpara LED Escritorio,217.7,5,8.3,App,4
ORD-1402,2025-02-27,CLI-446,España,Tecnología,Laptop Pro 15,222.61,1,24.41,Web,5
ORD-1403,2025-12-08,CLI-216,España,Estilo de Vida,Set de Teclado Mecánico,138.41,2,4.76,Web,3
ORD-1404,2025-11-01,CLI-174,España,Tecnología,Smartwatch Series Z,689.39,3,42.35,Tienda Física,2
ORD-1405,2025-06-29,CLI-336,México,Tecnología,Auriculares Noise-Cancelling,333.13,1,26.37,App,4
ORD-1406,2025-06-19,CLI-310,Argentina,Tecnología,Smartphone Alpha,356.11,2,23.03,App,4
ORD-1407,2025-11-22,CLI-480,España,Estilo de Vida,Lámpara LED Escritorio,95.33,3,5.95,Web,4
ORD-1408,2025-09-28,CLI-343,España,Tecnología,Monitor 4K Curved,597.82,1,41.05,Web,4
ORD-1409,2025-02-23,CLI-308,España,Tecnología,Smartwatch Series Z,528.39,1,37.47,Tienda Física,3
ORD-1410,2025-04-11,CLI-359,Argentina,Tecnología,Auriculares Noise-Cancelling,735.28,1,48.83,Tienda Física,5
ORD-1411,2025-09-21,CLI-366,España,Estilo de Vida,Botella Térmica Inteligente,82.31,1,4.2,Web,2
ORD-1412,2025-02-22,CLI-298,Chile,Tecnología,Monitor 4K Curved,175.85,1,15.89,Web,1
ORD-1413,2025-03-01,CLI-322,España,Tecnología,Smartwatch Series Z,370.17,1,33.27,Tienda Física,5
ORD-1414,2025-04-18,CLI-474,México,Estilo de Vida,Botella Térmica Inteligente,115.35,1,3.49,Tienda Física,5
ORD-1415,2025-01-05,CLI-481,España,Tecnología,Laptop Pro 15,304.59,1,22.3,App,1
ORD-1416,2025-04-13,CLI-106,España,Tecnología,Smartphone Alpha,538.74,2,39.45,Tienda Física,5
ORD-1417,2025-07-15,CLI-141,España,Tecnología,Smartphone Alpha,215.55,1,20.64,Web,5
ORD-1418,2025-09-19,CLI-384,Colombia,Tecnología,Monitor 4K Curved,1051.63,2,66.15,Web,5
ORD-1419,2025-12-31,CLI-177,Argentina,Tecnología,Smartphone Alpha,852.82,3,49.95,Web,5
ORD-1420,2025-12-16,CLI-492,España,Tecnología,Monitor 4K Curved,866.79,4,50.7,Tienda Física,5
ORD-1421,2025-02-16,CLI-382,España,Estilo de Vida,Set de Teclado Mecánico,229.04,1,9.1,Tienda Física,2
ORD-1422,2025-12-21,CLI-482,Colombia,Estilo de Vida,Silla Gaming X,78.5,2,10.38,Web,4
ORD-1423,2025-11-07,CLI-194,Colombia,Tecnología,Monitor 4K Curved,1180.3,4,73.34,Tienda Física,5
ORD-1424,2025-11-04,CLI-346,España,Estilo de Vida,Silla Gaming X,55.96,3,6.67,Web,5
ORD-1425,2025-05-24,CLI-471,México,Tecnología,Auriculares Noise-Cancelling,811.11,1,54.19,Tienda Física,5
ORD-1426,2025-09-26,CLI-291,España,Tecnología,Smartphone Alpha,208.97,1,18.0,Web,4
ORD-1427,2025-05-04,CLI-344,México,Tecnología,Auriculares Noise-Cancelling,412.47,1,26.36,App,4
ORD-1428,2025-04-16,CLI-184,España,Estilo de Vida,Set de Teclado Mecánico,250.57,1,8.84,Web,5
ORD-1429,2025-06-07,CLI-296,España,Estilo de Vida,Mochila Ergonómica,298.83,3,6.92,Web,3
ORD-1430,2025-05-27,CLI-465,España,Estilo de Vida,Botella Térmica Inteligente,25.06,2,11.24,App,2
ORD-1431,2025-05-25,CLI-260,España,Estilo de Vida,Mochila Ergonómica,88.76,1,9.35,Web,5
ORD-1432,2025-04-30,CLI-212,Argentina,Estilo de Vida,Mochila Ergonómica,231.08,1,11.26,Web,3
ORD-1433,2025-11-15,CLI-385,Argentina,Tecnología,Laptop Pro 15,624.81,2,43.63,App,5
ORD-1434,2025-10-02,CLI-167,España,Estilo de Vida,Botella Térmica Inteligente,35.37,1,10.27,App,5
ORD-1435,2025-04-02,CLI-283,España,Estilo de Vida,Silla Gaming X,262.3,1,5.4,Tienda Física,5
ORD-1436,2025-02-27,CLI-182,España,Estilo de Vida,Silla Gaming X,252.57,1,3.01,Web,2
ORD-1437,2025-12-12,CLI-141,Argentina,Tecnología,Smartphone Alpha,455.93,3,31.97,Tienda Física,5
ORD-1438,2025-08-17,CLI-155,Argentina,Tecnología,Laptop Pro 15,462.53,1,31.11,Web,2
ORD-1439,2025-04-27,CLI-278,México,Tecnología,Smartphone Alpha,224.06,1,25.3,Tienda Física,2
ORD-1440,2025-11-14,CLI-291,España,Tecnología,Monitor 4K Curved,1052.63,4,59.32,Web,5
ORD-1441,2025-10-06,CLI-305,Argentina,Estilo de Vida,Mochila Ergonómica,245.82,1,11.83,App,5
ORD-1442,2025-05-07,CLI-228,Colombia,Tecnología,Auriculares Noise-Cancelling,885.98,1,51.24,Tienda Física,4
ORD-1443,2025-05-09,CLI-434,Chile,Tecnología,Monitor 4K Curved,571.57,1,41.51,Web,3
ORD-1444,2025-02-27,CLI-477,Colombia,Estilo de Vida,Botella Térmica Inteligente,227.04,2,9.3,Web,4
ORD-1445,2025-05-02,CLI-102,Chile,Tecnología,Monitor 4K Curved,509.72,1,36.76,Web,5
ORD-1446,2025-01-01,CLI-189,Chile,Estilo de Vida,Botella Térmica Inteligente,279.12,1,10.38,App,5
ORD-1447,2025-08-27,CLI-303,Colombia,Tecnología,Smartwatch Series Z,729.53,1,43.89,Tienda Física,4
ORD-1448,2025-10-17,CLI-226,México,Estilo de Vida,Mochila Ergonómica,169.67,2,9.83,Web,4
ORD-1449,2025-04-06,CLI-200,España,Tecnología,Monitor 4K Curved,510.08,1,37.34,App,2
ORD-1450,2025-05-06,CLI-229,España,Tecnología,Monitor 4K Curved,556.15,1,33.61,Web,5
ORD-1451,2025-04-28,CLI-302,Chile,Tecnología,Smartwatch Series Z,279.41,3,22.05,Web,3
ORD-1452,2025-02-17,CLI-181,España,Tecnología,Laptop Pro 15,1078.7,1,64.47,Web,5
ORD-1453,2025-03-30,CLI-304,México,Tecnología,Smartphone Alpha,270.65,1,18.57,App,2
ORD-1454,2025-08-25,CLI-437,España,Tecnología,Smartwatch Series Z,388.33,3,31.86,Web,5
ORD-1455,2025-09-29,CLI-462,Argentina,Estilo de Vida,Lámpara LED Escritorio,121.7,1,11.19,App,4
ORD-1456,2025-07-08,CLI-288,Colombia,Estilo de Vida,Botella Térmica Inteligente,124.9,3,10.15,App,5
ORD-1457,2025-07-11,CLI-499,Colombia,Estilo de Vida,Mochila Ergonómica,39.1,1,6.62,Web,4
ORD-1458,2025-03-10,CLI-167,España,Tecnología,Smartphone Alpha,380.08,1,25.13,Web,4
ORD-1459,2025-10-05,CLI-481,México,Estilo de Vida,Lámpara LED Escritorio,193.62,1,10.25,Tienda Física,5
ORD-1460,2025-12-15,CLI-353,España,Tecnología,Laptop Pro 15,686.52,3,43.61,Tienda Física,5
ORD-1461,2025-09-04,CLI-371,Argentina,Tecnología,Laptop Pro 15,310.8,1,27.82,App,5
ORD-1462,2025-03-17,CLI-321,España,Tecnología,Smartwatch Series Z,830.89,2,47.23,Web,5
ORD-1463,2025-06-03,CLI-291,Argentina,Tecnología,Auriculares Noise-Cancelling,507.0,1,39.05,App,3
ORD-1464,2025-05-24,CLI-248,España,Estilo de Vida,Set de Teclado Mecánico,219.32,1,7.82,Web,1
ORD-1465,2025-03-27,CLI-337,Chile,Estilo de Vida,Botella Térmica Inteligente,208.41,3,6.92,App,4
ORD-1466,2025-07-04,CLI-496,México,Tecnología,Laptop Pro 15,912.39,1,51.83,App,5
ORD-1467,2025-10-12,CLI-491,Argentina,Estilo de Vida,Set de Teclado Mecánico,194.73,2,11.73,Tienda Física,4
ORD-1468,2025-08-08,CLI-109,España,Tecnología,Auriculares Noise-Cancelling,804.55,1,51.25,App,4
ORD-1469,2025-03-10,CLI-405,España,Estilo de Vida,Silla Gaming X,48.37,1,6.93,Web,4
ORD-1470,2025-02-16,CLI-143,España,Tecnología,Smartwatch Series Z,1118.78,1,65.96,App,4
ORD-1471,2025-04-04,CLI-169,Colombia,Estilo de Vida,Botella Térmica Inteligente,38.66,1,8.61,Web,4
ORD-1472,2025-08-26,CLI-209,España,Estilo de Vida,Mochila Ergonómica,143.02,1,3.67,Tienda Física,3
ORD-1473,2025-07-23,CLI-386,España,Estilo de Vida,Botella Térmica Inteligente,42.04,1,8.19,Web,5
ORD-1474,2025-08-06,CLI-345,México,Tecnología,Smartphone Alpha,1036.19,1,59.43,Web,4
ORD-1475,2025-12-07,CLI-112,Chile,Estilo de Vida,Set de Teclado Mecánico,268.32,2,5.08,Tienda Física,5
ORD-1476,2025-02-08,CLI-239,España,Estilo de Vida,Silla Gaming X,258.25,1,9.17,Web,3
ORD-1477,2025-04-10,CLI-358,España,Estilo de Vida,Set de Teclado Mecánico,56.16,1,4.55,Web,4
ORD-1478,2025-10-16,CLI-357,México,Estilo de Vida,Lámpara LED Escritorio,53.15,3,9.77,App,5
ORD-1479,2025-09-11,CLI-496,Argentina,Tecnología,Laptop Pro 15,1043.5,1,60.63,App,3
ORD-1480,2025-08-10,CLI-454,México,Estilo de Vida,Botella Térmica Inteligente,222.79,1,5.44,Tienda Física,5
ORD-1481,2025-12-23,CLI-336,Chile,Tecnología,Smartwatch Series Z,944.27,3,56.96,Tienda Física,4
ORD-1482,2025-01-23,CLI-258,Chile,Tecnología,Auriculares Noise-Cancelling,1039.63,3,59.04,Web,5
ORD-1483,2025-09-07,CLI-343,México,Tecnología,Smartphone Alpha,159.22,1,16.78,Web,4
ORD-1484,2025-01-10,CLI-141,Colombia,Tecnología,Auriculares Noise-Cancelling,290.38,2,28.87,Tienda Física,4
ORD-1485,2025-09-03,CLI-265,España,Tecnología,Monitor 4K Curved,498.78,2,36.95,Tienda Física,5
ORD-1486,2025-11-21,CLI-314,España,Tecnología,Monitor 4K Curved,556.58,3,35.66,Tienda Física,4
ORD-1487,2025-04-10,CLI-325,México,Tecnología,Smartwatch Series Z,810.32,2,51.92,App,5
ORD-1488,2025-10-17,CLI-453,Chile,Estilo de Vida,Silla Gaming X,159.54,1,4.2,Web,3
ORD-1489,2025-06-29,CLI-393,Colombia,Tecnología,Laptop Pro 15,274.15,2,28.25,App,1
ORD-1490,2025-08-11,CLI-338,Colombia,Estilo de Vida,Silla Gaming X,217.8,1,6.7,Web,5
ORD-1491,2025-09-07,CLI-126,México,Tecnología,Auriculares Noise-Cancelling,690.21,1,48.08,Web,5
ORD-1492,2025-05-27,CLI-175,Chile,Tecnología,Smartwatch Series Z,649.24,1,45.03,Tienda Física,4
ORD-1493,2025-04-06,CLI-264,España,Tecnología,Smartwatch Series Z,1071.64,2,60.62,App,5
ORD-1494,2025-09-14,CLI-407,España,Tecnología,Smartphone Alpha,642.88,1,45.72,Web,3
ORD-1495,2025-11-21,CLI-396,España,Estilo de Vida,Silla Gaming X,87.56,3,4.5,Tienda Física,4
ORD-1496,2025-01-04,CLI-468,México,Tecnología,Monitor 4K Curved,622.75,1,38.68,App,2
ORD-1497,2025-01-16,CLI-395,España,Tecnología,Monitor 4K Curved,954.16,1,53.5,Web,4
ORD-1498,2025-10-07,CLI-477,México,Tecnología,Auriculares Noise-Cancelling,972.68,2,53.74,Tienda Física,4
ORD-1499,2025-12-02,CLI-281,Chile,Tecnología,Smartphone Alpha,1088.63,2,62.79,Web,2
ORD-1500,2025-09-04,CLI-486,México,Estilo de Vida,Set de Teclado Mecánico,64.27,1,8.22,Web,5
ORD-1501,2025-09-15,CLI-208,España,Estilo de Vida,Lámpara LED Escritorio,47.71,1,4.39,App,4
ORD-1502,2025-06-09,CLI-217,Chile,Estilo de Vida,Lámpara LED Escritorio,96.15,2,6.12,App,5
ORD-1503,2025-12-06,CLI-472,Colombia,Tecnología,Laptop Pro 15,1139.49,3,69.86,Web,5
ORD-1504,2025-06-01,CLI-384,España,Estilo de Vida,Mochila Ergonómica,267.72,1,3.87,Web,5
ORD-1505,2025-06-27,CLI-302,España,Tecnología,Auriculares Noise-Cancelling,258.94,1,20.9,App,5
ORD-1506,2025-06-12,CLI-382,España,Tecnología,Smartphone Alpha,1090.51,1,59.81,Web,4
ORD-1507,2025-02-02,CLI-202,España,Tecnología,Smartwatch Series Z,890.76,2,51.41,Web,3
ORD-1508,2025-06-28,CLI-171,Argentina,Tecnología,Laptop Pro 15,1037.04,2,57.65,App,3
ORD-1509,2025-04-11,CLI-354,Argentina,Tecnología,Laptop Pro 15,540.65,1,32.96,Web,3
ORD-1510,2025-09-25,CLI-334,México,Tecnología,Laptop Pro 15,410.01,2,28.98,Tienda Física,4
ORD-1511,2025-11-19,CLI-232,España,Tecnología,Smartwatch Series Z,391.84,3,25.66,Web,4
ORD-1512,2025-03-06,CLI-295,México,Estilo de Vida,Botella Térmica Inteligente,110.1,1,11.77,Web,5
ORD-1513,2025-06-17,CLI-413,España,Tecnología,Smartphone Alpha,901.78,1,56.16,App,4
ORD-1514,2025-11-26,CLI-150,Chile,Tecnología,Laptop Pro 15,1033.7,4,56.99,Web,5
ORD-1515,2025-02-12,CLI-151,España,Tecnología,Smartwatch Series Z,657.73,1,40.09,Tienda Física,5
ORD-1516,2025-02-13,CLI-358,Argentina,Tecnología,Monitor 4K Curved,908.53,1,50.5,Web,5
ORD-1517,2025-10-12,CLI-433,Argentina,Tecnología,Monitor 4K Curved,221.44,1,19.24,App,5
ORD-1518,2025-01-12,CLI-447,Argentina,Tecnología,Smartphone Alpha,342.01,1,24.42,Tienda Física,3
ORD-1519,2025-04-05,CLI-202,Chile,Estilo de Vida,Botella Térmica Inteligente,147.15,2,4.23,Tienda Física,5
ORD-1520,2025-10-29,CLI-227,España,Estilo de Vida,Mochila Ergonómica,53.71,1,8.12,Web,4
ORD-1521,2025-09-10,CLI-166,México,Tecnología,Auriculares Noise-Cancelling,423.74,2,31.37,Web,5
ORD-1522,2025-08-30,CLI-495,Colombia,Tecnología,Auriculares Noise-Cancelling,621.73,3,39.05,Web,2
ORD-1523,2025-02-04,CLI-439,España,Tecnología,Smartphone Alpha,627.83,1,38.03,App,5
ORD-1524,2025-08-03,CLI-373,Argentina,Tecnología,Smartwatch Series Z,190.69,2,19.53,Web,3
ORD-1525,2025-12-03,CLI-324,Colombia,Estilo de Vida,Set de Teclado Mecánico,263.2,2,7.49,Web,5
ORD-1526,2025-03-31,CLI-330,Chile,Tecnología,Auriculares Noise-Cancelling,662.97,1,43.39,Web,4
ORD-1527,2025-09-21,CLI-137,España,Estilo de Vida,Set de Teclado Mecánico,45.7,1,4.01,Web,3
ORD-1528,2025-04-03,CLI-224,Colombia,Tecnología,Smartwatch Series Z,790.89,2,52.89,Web,3
ORD-1529,2025-03-31,CLI-120,Chile,Tecnología,Smartwatch Series Z,637.2,1,44.75,App,2
ORD-1530,2025-04-25,CLI-202,España,Tecnología,Laptop Pro 15,218.54,1,24.15,App,5
ORD-1531,2025-04-15,CLI-168,Colombia,Estilo de Vida,Lámpara LED Escritorio,145.76,1,3.36,Tienda Física,4
ORD-1532,2025-07-15,CLI-425,México,Estilo de Vida,Botella Térmica Inteligente,153.98,1,11.36,Web,2
ORD-1533,2025-11-10,CLI-360,España,Estilo de Vida,Lámpara LED Escritorio,156.41,2,6.2,App,2
ORD-1534,2025-04-24,CLI-334,Chile,Tecnología,Auriculares Noise-Cancelling,257.66,1,18.0,App,5
ORD-1535,2025-03-16,CLI-216,Argentina,Tecnología,Auriculares Noise-Cancelling,1012.32,1,58.06,Tienda Física,3
ORD-1536,2025-08-05,CLI-348,México,Estilo de Vida,Set de Teclado Mecánico,94.92,1,8.68,App,5
ORD-1537,2025-10-04,CLI-441,España,Tecnología,Smartphone Alpha,245.92,1,24.86,Web,3
ORD-1538,2025-09-06,CLI-172,Argentina,Estilo de Vida,Mochila Ergonómica,256.1,1,3.16,App,4
ORD-1539,2025-06-13,CLI-488,México,Tecnología,Auriculares Noise-Cancelling,437.92,2,27.16,App,5
ORD-1540,2025-12-23,CLI-252,Colombia,Estilo de Vida,Botella Térmica Inteligente,121.93,2,4.13,App,2
ORD-1541,2025-07-11,CLI-249,Colombia,Tecnología,Auriculares Noise-Cancelling,782.37,2,47.34,Web,5
ORD-1542,2025-08-15,CLI-145,México,Estilo de Vida,Silla Gaming X,201.12,3,5.83,Web,3
ORD-1543,2025-06-26,CLI-115,Chile,Estilo de Vida,Silla Gaming X,38.22,1,7.35,Tienda Física,3
ORD-1544,2025-04-09,CLI-398,Argentina,Estilo de Vida,Lámpara LED Escritorio,89.04,1,4.41,App,4
ORD-1545,2025-02-05,CLI-358,México,Estilo de Vida,Set de Teclado Mecánico,295.62,1,5.63,Web,3
ORD-1546,2025-04-06,CLI-216,España,Tecnología,Smartphone Alpha,1090.61,1,60.57,Tienda Física,5
ORD-1547,2025-06-01,CLI-179,España,Estilo de Vida,Silla Gaming X,168.24,1,7.22,Tienda Física,4
ORD-1548,2025-05-31,CLI-167,Argentina,Tecnología,Smartphone Alpha,262.58,1,22.36,App,4
ORD-1549,2025-07-09,CLI-146,España,Estilo de Vida,Set de Teclado Mecánico,70.36,1,4.12,Web,2
ORD-1550,2025-08-12,CLI-343,Chile,Tecnología,Laptop Pro 15,628.35,1,45.33,Tienda Física,3
ORD-1551,2025-02-06,CLI-222,España,Tecnología,Auriculares Noise-Cancelling,869.93,1,50.76,Tienda Física,3
ORD-1552,2025-09-25,CLI-173,Argentina,Estilo de Vida,Silla Gaming X,198.42,1,6.87,Web,5
ORD-1553,2025-07-02,CLI-480,España,Estilo de Vida,Set de Teclado Mecánico,265.55,1,9.64,Web,5
ORD-1554,2025-01-13,CLI-271,Colombia,Tecnología,Smartphone Alpha,420.01,1,33.19,Web,2
ORD-1555,2025-10-06,CLI-354,España,Estilo de Vida,Lámpara LED Escritorio,204.38,1,6.65,Web,5
ORD-1556,2025-08-05,CLI-197,España,Tecnología,Smartphone Alpha,995.77,1,55.56,App,2
ORD-1557,2025-12-21,CLI-284,España,Estilo de Vida,Set de Teclado Mecánico,293.8,3,11.68,App,5
ORD-1558,2025-12-27,CLI-492,Chile,Tecnología,Smartphone Alpha,509.34,2,40.28,App,2
ORD-1559,2025-10-13,CLI-205,España,Tecnología,Smartphone Alpha,840.85,2,54.32,Web,4
ORD-1560,2025-09-30,CLI-102,México,Estilo de Vida,Lámpara LED Escritorio,124.22,1,9.78,Web,3
ORD-1561,2025-03-03,CLI-453,Colombia,Tecnología,Monitor 4K Curved,512.01,2,34.5,Tienda Física,3
ORD-1562,2025-03-25,CLI-480,México,Tecnología,Monitor 4K Curved,808.11,1,45.69,Web,4
ORD-1563,2025-08-05,CLI-427,México,Tecnología,Laptop Pro 15,320.64,2,30.63,Tienda Física,5
ORD-1564,2025-12-08,CLI-388,Argentina,Estilo de Vida,Lámpara LED Escritorio,30.49,3,8.28,Web,5
ORD-1565,2025-07-06,CLI-472,España,Tecnología,Auriculares Noise-Cancelling,432.65,1,36.46,Web,4
ORD-1566,2025-01-19,CLI-216,España,Estilo de Vida,Botella Térmica Inteligente,189.35,1,9.65,App,5
ORD-1567,2025-06-26,CLI-265,Chile,Estilo de Vida,Set de Teclado Mecánico,298.8,1,7.32,App,5
ORD-1568,2025-04-10,CLI-249,España,Tecnología,Laptop Pro 15,765.55,1,48.2,Web,5
ORD-1569,2025-08-21,CLI-240,España,Tecnología,Laptop Pro 15,709.71,1,46.8,Web,2
ORD-1570,2025-03-17,CLI-133,Chile,Tecnología,Laptop Pro 15,966.88,1,55.55,Web,5
ORD-1571,2025-09-22,CLI-202,México,Tecnología,Auriculares Noise-Cancelling,238.42,1,26.77,Web,2
ORD-1572,2025-10-11,CLI-309,Colombia,Tecnología,Smartwatch Series Z,830.43,2,48.98,App,5
ORD-1573,2025-07-25,CLI-273,Colombia,Tecnología,Smartphone Alpha,497.46,3,32.36,Web,5
ORD-1574,2025-08-11,CLI-251,Colombia,Estilo de Vida,Silla Gaming X,81.87,1,11.33,Web,3
ORD-1575,2025-02-21,CLI-445,España,Tecnología,Auriculares Noise-Cancelling,578.33,1,43.72,App,2
ORD-1576,2025-12-05,CLI-116,España,Estilo de Vida,Set de Teclado Mecánico,248.01,5,6.6,App,2
ORD-1577,2025-05-24,CLI-492,Argentina,Estilo de Vida,Botella Térmica Inteligente,282.54,2,10.43,Web,5
ORD-1578,2025-03-10,CLI-319,Colombia,Estilo de Vida,Set de Teclado Mecánico,38.71,1,4.35,App,1
ORD-1579,2025-04-09,CLI-488,Colombia,Tecnología,Auriculares Noise-Cancelling,300.22,1,20.15,Tienda Física,5
ORD-1580,2025-01-25,CLI-268,México,Estilo de Vida,Set de Teclado Mecánico,151.38,1,7.49,App,5
ORD-1581,2025-02-22,CLI-193,España,Tecnología,Smartphone Alpha,713.35,1,49.27,App,5
ORD-1582,2025-05-31,CLI-260,España,Tecnología,Monitor 4K Curved,182.91,1,15.34,Tienda Física,5
ORD-1583,2025-05-24,CLI-355,España,Tecnología,Laptop Pro 15,852.73,1,55.79,Web,5
ORD-1584,2025-02-26,CLI-391,España,Tecnología,Smartwatch Series Z,285.35,1,26.47,App,5
ORD-1585,2025-02-08,CLI-159,Argentina,Tecnología,Monitor 4K Curved,397.47,2,32.01,Web,4
ORD-1586,2025-04-19,CLI-378,México,Tecnología,Auriculares Noise-Cancelling,318.9,2,27.95,Web,5
ORD-1587,2025-06-30,CLI-337,España,Tecnología,Smartphone Alpha,526.66,1,36.63,App,5
ORD-1588,2025-02-11,CLI-133,Chile,Tecnología,Laptop Pro 15,767.3,2,52.71,Tienda Física,5
ORD-1589,2025-07-05,CLI-468,España,Tecnología,Smartwatch Series Z,1177.25,1,71.59,App,4
ORD-1590,2025-08-11,CLI-372,Chile,Tecnología,Auriculares Noise-Cancelling,721.31,1,46.58,Web,4
ORD-1591,2025-05-02,CLI-154,México,Tecnología,Auriculares Noise-Cancelling,947.5,2,54.43,Web,5
ORD-1592,2025-05-13,CLI-221,Argentina,Tecnología,Monitor 4K Curved,929.1,2,51.98,Web,4
ORD-1593,2025-06-12,CLI-208,España,Tecnología,Auriculares Noise-Cancelling,1101.21,1,61.33,Web,3
ORD-1594,2025-08-03,CLI-419,Colombia,Tecnología,Auriculares Noise-Cancelling,545.07,1,41.49,Web,5
ORD-1595,2025-08-09,CLI-199,Argentina,Tecnología,Laptop Pro 15,704.47,1,42.24,Web,5
ORD-1596,2025-08-23,CLI-229,México,Estilo de Vida,Lámpara LED Escritorio,66.6,1,5.56,App,2
ORD-1597,2025-11-27,CLI-235,México,Estilo de Vida,Silla Gaming X,137.89,3,11.4,App,5
ORD-1598,2025-05-26,CLI-463,Chile,Estilo de Vida,Set de Teclado Mecánico,233.05,1,3.86,Web,3
ORD-1599,2025-08-27,CLI-147,Colombia,Tecnología,Monitor 4K Curved,911.03,1,55.61,Web,5
ORD-1600,2025-03-17,CLI-220,España,Estilo de Vida,Silla Gaming X,278.87,2,3.14,Tienda Física,4
ORD-1601,2025-01-09,CLI-105,España,Estilo de Vida,Set de Teclado Mecánico,203.62,1,5.72,Web,3
ORD-1602,2025-03-15,CLI-321,México,Tecnología,Auriculares Noise-Cancelling,1076.53,1,64.54,App,4
ORD-1603,2025-09-10,CLI-475,España,Estilo de Vida,Silla Gaming X,91.29,1,3.14,Web,2
ORD-1604,2025-08-18,CLI-462,Chile,Estilo de Vida,Botella Térmica Inteligente,299.96,1,3.02,Web,2
ORD-1605,2025-01-07,CLI-478,Argentina,Tecnología,Smartwatch Series Z,151.33,1,21.51,Web,5
ORD-1606,2025-06-23,CLI-404,España,Tecnología,Laptop Pro 15,978.39,2,60.74,App,5
ORD-1607,2025-05-21,CLI-152,España,Tecnología,Laptop Pro 15,308.98,2,28.43,Web,2
ORD-1608,2025-06-17,CLI-466,España,Tecnología,Smartwatch Series Z,223.93,1,19.75,Web,4
ORD-1609,2025-06-19,CLI-389,Colombia,Tecnología,Smartwatch Series Z,317.12,1,24.4,Web,3
ORD-1610,2025-10-10,CLI-380,España,Tecnología,Laptop Pro 15,675.31,1,42.92,Web,2
ORD-1611,2025-05-02,CLI-339,Colombia,Tecnología,Auriculares Noise-Cancelling,168.99,1,17.45,App,5
ORD-1612,2025-07-13,CLI-320,Argentina,Tecnología,Auriculares Noise-Cancelling,350.1,3,27.13,Web,4
ORD-1613,2025-01-05,CLI-452,Colombia,Estilo de Vida,Botella Térmica Inteligente,280.3,1,3.59,App,3
ORD-1614,2025-01-29,CLI-387,España,Estilo de Vida,Silla Gaming X,173.83,1,10.23,Web,4
ORD-1615,2025-06-14,CLI-341,Colombia,Estilo de Vida,Mochila Ergonómica,48.41,2,5.73,Tienda Física,5
ORD-1616,2025-12-05,CLI-148,México,Estilo de Vida,Silla Gaming X,209.81,3,9.32,App,4
ORD-1617,2025-05-16,CLI-407,España,Tecnología,Monitor 4K Curved,545.0,1,35.92,Tienda Física,4
ORD-1618,2025-12-31,CLI-214,España,Estilo de Vida,Set de Teclado Mecánico,101.32,3,11.4,Web,5
ORD-1619,2025-11-17,CLI-276,México,Tecnología,Smartphone Alpha,230.56,2,20.79,Tienda Física,4
ORD-1620,2025-12-08,CLI-487,España,Tecnología,Auriculares Noise-Cancelling,555.69,3,35.46,App,3
ORD-1621,2025-05-25,CLI-121,México,Estilo de Vida,Silla Gaming X,93.05,1,8.81,Tienda Física,2
ORD-1622,2025-11-23,CLI-339,México,Tecnología,Smartphone Alpha,431.66,2,36.58,Web,5
ORD-1623,2025-08-05,CLI-240,México,Tecnología,Smartphone Alpha,631.12,1,46.01,Web,3
ORD-1624,2025-10-28,CLI-300,Argentina,Estilo de Vida,Botella Térmica Inteligente,185.09,1,6.21,App,5
ORD-1625,2025-05-12,CLI-240,España,Tecnología,Auriculares Noise-Cancelling,702.06,1,47.28,Tienda Física,2
ORD-1626,2025-10-19,CLI-218,Chile,Tecnología,Smartphone Alpha,827.88,2,55.31,App,3
ORD-1627,2025-03-11,CLI-235,México,Tecnología,Smartphone Alpha,913.63,1,57.02,Web,5
ORD-1628,2025-09-09,CLI-475,Chile,Tecnología,Laptop Pro 15,612.39,2,41.11,App,5
ORD-1629,2025-10-02,CLI-275,España,Tecnología,Monitor 4K Curved,464.21,1,35.69,Web,2
ORD-1630,2025-12-30,CLI-281,España,Tecnología,Smartphone Alpha,922.01,3,59.07,Web,3
ORD-1631,2025-07-01,CLI-283,Colombia,Tecnología,Monitor 4K Curved,1144.94,1,69.92,App,5
ORD-1632,2025-06-16,CLI-145,España,Tecnología,Monitor 4K Curved,963.39,1,58.79,Web,4
ORD-1633,2025-04-01,CLI-222,Colombia,Estilo de Vida,Lámpara LED Escritorio,205.62,1,4.78,Tienda Física,4
ORD-1634,2025-07-21,CLI-288,Colombia,Tecnología,Laptop Pro 15,202.07,1,16.05,Web,2
ORD-1635,2025-12-12,CLI-144,México,Tecnología,Smartwatch Series Z,514.65,2,33.38,Tienda Física,5
ORD-1636,2025-01-19,CLI-289,México,Tecnología,Auriculares Noise-Cancelling,424.47,2,35.69,Web,5
ORD-1637,2025-02-08,CLI-419,México,Estilo de Vida,Silla Gaming X,167.21,1,4.05,Web,4
ORD-1638,2025-05-06,CLI-410,España,Tecnología,Laptop Pro 15,667.02,1,46.72,Web,5
ORD-1639,2025-06-22,CLI-426,México,Tecnología,Smartwatch Series Z,615.89,1,44.71,Web,5
ORD-1640,2025-05-21,CLI-182,México,Tecnología,Laptop Pro 15,1033.16,1,57.02,Web,3
ORD-1641,2025-08-30,CLI-114,Argentina,Estilo de Vida,Mochila Ergonómica,257.52,1,10.19,Web,5
ORD-1642,2025-08-08,CLI-223,España,Tecnología,Laptop Pro 15,386.95,2,26.47,Web,5
ORD-1643,2025-05-06,CLI-425,España,Estilo de Vida,Set de Teclado Mecánico,261.05,1,5.09,Web,5
ORD-1644,2025-02-27,CLI-252,Chile,Tecnología,Auriculares Noise-Cancelling,632.94,1,42.72,Tienda Física,3
ORD-1645,2025-05-28,CLI-151,México,Estilo de Vida,Mochila Ergonómica,163.27,1,4.3,Web,4
ORD-1646,2025-11-13,CLI-252,Argentina,Tecnología,Smartphone Alpha,898.67,2,53.6,Web,4
ORD-1647,2025-12-27,CLI-260,México,Tecnología,Monitor 4K Curved,349.43,3,30.66,Web,4
ORD-1648,2025-01-01,CLI-486,España,Tecnología,Smartwatch Series Z,818.66,2,55.68,Web,5
ORD-1649,2025-12-14,CLI-317,México,Estilo de Vida,Mochila Ergonómica,275.96,3,10.86,Web,1
ORD-1650,2025-07-09,CLI-111,Colombia,Tecnología,Smartphone Alpha,626.66,1,39.35,Tienda Física,3
ORD-1651,2025-07-10,CLI-325,España,Tecnología,Monitor 4K Curved,1097.01,1,64.31,Tienda Física,4
ORD-1652,2025-11-08,CLI-233,Argentina,Tecnología,Auriculares Noise-Cancelling,1009.52,3,64.47,Tienda Física,3
ORD-1653,2025-04-27,CLI-352,Colombia,Estilo de Vida,Botella Térmica Inteligente,225.34,1,4.8,App,2
ORD-1654,2025-05-14,CLI-138,Colombia,Estilo de Vida,Lámpara LED Escritorio,173.73,1,10.37,Tienda Física,4
ORD-1655,2025-02-27,CLI-410,España,Tecnología,Smartwatch Series Z,295.32,1,26.42,App,5
ORD-1656,2025-02-13,CLI-370,Argentina,Tecnología,Laptop Pro 15,622.29,2,43.68,Web,3
ORD-1657,2025-06-22,CLI-187,Argentina,Tecnología,Smartwatch Series Z,1091.07,2,66.41,Web,4
ORD-1658,2025-06-09,CLI-356,España,Tecnología,Smartwatch Series Z,588.87,1,36.96,Web,4
ORD-1659,2025-06-22,CLI-385,Colombia,Estilo de Vida,Set de Teclado Mecánico,230.27,2,11.04,Web,3
ORD-1660,2025-11-13,CLI-293,México,Tecnología,Smartwatch Series Z,408.67,2,26.07,App,5
ORD-1661,2025-10-30,CLI-384,España,Tecnología,Smartphone Alpha,394.85,1,33.39,App,4
ORD-1662,2025-05-29,CLI-125,España,Tecnología,Smartwatch Series Z,988.9,1,62.48,Web,4
ORD-1663,2025-03-21,CLI-389,España,Estilo de Vida,Set de Teclado Mecánico,247.44,1,5.65,App,4
ORD-1664,2025-08-01,CLI-249,España,Estilo de Vida,Mochila Ergonómica,280.73,1,7.91,Tienda Física,3
ORD-1665,2025-07-22,CLI-484,España,Tecnología,Laptop Pro 15,1049.88,1,61.65,Web,3
ORD-1666,2025-09-09,CLI-165,España,Estilo de Vida,Lámpara LED Escritorio,230.08,1,3.32,App,4
ORD-1667,2025-08-17,CLI-352,Colombia,Estilo de Vida,Silla Gaming X,26.13,1,3.1,Web,5
ORD-1668,2025-06-13,CLI-141,Argentina,Tecnología,Laptop Pro 15,299.99,2,27.64,App,5
ORD-1669,2025-08-15,CLI-155,México,Estilo de Vida,Silla Gaming X,230.59,2,12.0,Web,4
ORD-1670,2025-05-27,CLI-287,España,Tecnología,Smartphone Alpha,334.36,3,23.49,Web,4
ORD-1671,2025-01-20,CLI-147,Argentina,Tecnología,Laptop Pro 15,982.48,3,63.18,Web,4
ORD-1672,2025-02-16,CLI-437,Colombia,Tecnología,Smartwatch Series Z,817.91,1,47.54,Web,4
ORD-1673,2025-08-21,CLI-133,México,Tecnología,Laptop Pro 15,597.43,1,40.39,Web,5
ORD-1674,2025-11-01,CLI-127,Colombia,Estilo de Vida,Mochila Ergonómica,176.4,2,10.43,Web,3
ORD-1675,2025-01-14,CLI-222,España,Estilo de Vida,Set de Teclado Mecánico,51.96,1,7.74,Web,4
ORD-1676,2025-05-23,CLI-119,Argentina,Estilo de Vida,Mochila Ergonómica,228.36,1,6.84,Web,2
ORD-1677,2025-01-01,CLI-389,Colombia,Estilo de Vida,Botella Térmica Inteligente,60.99,3,5.12,Tienda Física,4
ORD-1678,2025-02-23,CLI-496,México,Estilo de Vida,Botella Térmica Inteligente,248.05,1,4.78,App,5
ORD-1679,2025-09-16,CLI-375,Colombia,Tecnología,Smartwatch Series Z,1114.45,1,69.76,Web,3
ORD-1680,2025-05-24,CLI-167,España,Tecnología,Laptop Pro 15,325.3,1,22.48,Tienda Física,4
ORD-1681,2025-01-12,CLI-430,España,Tecnología,Smartwatch Series Z,388.1,3,33.72,App,4
ORD-1682,2025-11-26,CLI-122,Argentina,Estilo de Vida,Mochila Ergonómica,275.14,3,8.71,Tienda Física,3
ORD-1683,2025-08-12,CLI-281,España,Estilo de Vida,Mochila Ergonómica,74.4,3,8.2,App,5
ORD-1684,2025-09-29,CLI-429,España,Tecnología,Auriculares Noise-Cancelling,606.41,1,37.25,App,5
ORD-1685,2025-12-24,CLI-352,España,Tecnología,Auriculares Noise-Cancelling,1047.18,5,57.41,Web,4
ORD-1686,2025-06-05,CLI-227,Argentina,Tecnología,Monitor 4K Curved,1126.51,1,65.16,Tienda Física,1
ORD-1687,2025-01-08,CLI-327,España,Tecnología,Smartphone Alpha,391.2,1,26.56,App,2
ORD-1688,2025-05-02,CLI-209,Chile,Estilo de Vida,Lámpara LED Escritorio,128.72,1,11.13,Web,5
ORD-1689,2025-12-14,CLI-423,España,Tecnología,Smartwatch Series Z,1106.38,3,66.47,Tienda Física,5
ORD-1690,2025-06-13,CLI-413,España,Tecnología,Monitor 4K Curved,573.19,1,40.15,App,2
ORD-1691,2025-03-31,CLI-300,Argentina,Tecnología,Auriculares Noise-Cancelling,617.98,1,36.39,Web,4
ORD-1692,2025-05-16,CLI-402,España,Estilo de Vida,Set de Teclado Mecánico,26.3,1,3.65,Tienda Física,5
ORD-1693,2025-07-05,CLI-158,Argentina,Tecnología,Laptop Pro 15,405.09,1,34.34,Web,5
ORD-1694,2025-11-12,CLI-305,España,Estilo de Vida,Lámpara LED Escritorio,164.96,5,5.87,App,2
ORD-1695,2025-06-27,CLI-345,España,Estilo de Vida,Set de Teclado Mecánico,206.63,1,7.24,App,4
ORD-1696,2025-01-28,CLI-427,España,Tecnología,Monitor 4K Curved,936.11,2,60.08,Web,4
ORD-1697,2025-08-08,CLI-215,España,Tecnología,Smartphone Alpha,1034.66,1,59.77,Web,1
ORD-1698,2025-12-23,CLI-210,México,Estilo de Vida,Mochila Ergonómica,90.99,5,3.75,Web,5
ORD-1699,2025-02-10,CLI-456,España,Tecnología,Smartphone Alpha,346.11,2,30.62,Web,4
ORD-1700,2025-08-16,CLI-499,Colombia,Tecnología,Smartwatch Series Z,411.16,1,25.71,App,1
ORD-1701,2025-07-11,CLI-240,España,Tecnología,Smartwatch Series Z,226.97,1,25.29,App,5
ORD-1702,2025-05-25,CLI-455,España,Estilo de Vida,Set de Teclado Mecánico,45.98,1,9.59,Web,5
ORD-1703,2025-07-20,CLI-124,España,Tecnología,Smartphone Alpha,626.93,3,44.98,Tienda Física,5
ORD-1704,2025-07-31,CLI-113,Colombia,Estilo de Vida,Mochila Ergonómica,164.09,3,3.16,Web,5
ORD-1705,2025-08-08,CLI-243,España,Tecnología,Smartphone Alpha,619.95,1,44.29,Web,4
ORD-1706,2025-08-28,CLI-210,México,Estilo de Vida,Mochila Ergonómica,136.09,1,7.14,Web,5
ORD-1707,2025-02-15,CLI-497,España,Estilo de Vida,Lámpara LED Escritorio,131.73,3,5.18,App,1
ORD-1708,2025-02-04,CLI-291,México,Tecnología,Laptop Pro 15,995.89,3,55.38,Tienda Física,1
ORD-1709,2025-09-10,CLI-396,Colombia,Estilo de Vida,Set de Teclado Mecánico,158.15,1,8.83,App,4
ORD-1710,2025-03-23,CLI-309,México,Estilo de Vida,Mochila Ergonómica,278.89,1,9.2,Web,5
ORD-1711,2025-09-13,CLI-234,España,Estilo de Vida,Mochila Ergonómica,291.13,3,5.89,Tienda Física,4
ORD-1712,2025-07-16,CLI-312,España,Tecnología,Laptop Pro 15,704.45,2,49.92,Web,5
ORD-1713,2025-10-30,CLI-399,Chile,Tecnología,Smartwatch Series Z,994.59,1,55.39,App,2
ORD-1714,2025-01-10,CLI-426,España,Estilo de Vida,Lámpara LED Escritorio,137.76,1,7.34,Web,5
ORD-1715,2025-11-08,CLI-419,Chile,Estilo de Vida,Botella Térmica Inteligente,277.38,4,4.78,Web,2
ORD-1716,2025-10-13,CLI-182,México,Tecnología,Laptop Pro 15,1130.27,2,68.71,Web,5
ORD-1717,2025-08-30,CLI-456,México,Tecnología,Monitor 4K Curved,1084.73,2,61.94,App,4
ORD-1718,2025-09-08,CLI-177,Colombia,Estilo de Vida,Botella Térmica Inteligente,262.75,1,7.5,App,2
ORD-1719,2025-12-31,CLI-337,España,Tecnología,Monitor 4K Curved,657.16,2,46.73,Web,5
ORD-1720,2025-01-05,CLI-422,España,Estilo de Vida,Silla Gaming X,134.39,3,5.92,Web,4
ORD-1721,2025-04-29,CLI-339,Argentina,Tecnología,Smartphone Alpha,302.18,3,22.66,Web,5
ORD-1722,2025-10-16,CLI-237,España,Estilo de Vida,Silla Gaming X,61.05,3,9.9,Tienda Física,2
ORD-1723,2025-03-06,CLI-122,España,Tecnología,Smartphone Alpha,1130.69,1,63.37,Web,5
ORD-1724,2025-05-26,CLI-209,Chile,Tecnología,Smartphone Alpha,792.24,2,50.27,Tienda Física,5
ORD-1725,2025-08-12,CLI-373,España,Tecnología,Smartwatch Series Z,467.39,3,37.32,Tienda Física,5
ORD-1726,2025-08-27,CLI-369,México,Tecnología,Smartphone Alpha,614.51,1,36.19,Web,5
ORD-1727,2025-06-26,CLI-190,España,Estilo de Vida,Botella Térmica Inteligente,250.34,1,11.15,App,1
ORD-1728,2025-09-24,CLI-286,Chile,Tecnología,Laptop Pro 15,327.58,1,24.6,Tienda Física,5
ORD-1729,2025-12-07,CLI-304,España,Tecnología,Smartwatch Series Z,1181.24,4,73.89,Web,5
ORD-1730,2025-10-09,CLI-325,España,Tecnología,Monitor 4K Curved,351.06,1,26.42,Web,5
ORD-1731,2025-03-04,CLI-137,Argentina,Tecnología,Laptop Pro 15,601.68,1,43.83,Web,5
ORD-1732,2025-08-05,CLI-155,México,Tecnología,Monitor 4K Curved,297.52,1,26.1,App,3
ORD-1733,2025-12-08,CLI-415,Chile,Estilo de Vida,Set de Teclado Mecánico,289.51,2,7.93,Web,3
ORD-1734,2025-11-11,CLI-230,Colombia,Tecnología,Laptop Pro 15,821.36,3,47.36,Web,2
ORD-1735,2025-10-10,CLI-329,España,Estilo de Vida,Botella Térmica Inteligente,242.05,3,3.28,App,4
ORD-1736,2025-06-26,CLI-193,México,Estilo de Vida,Botella Térmica Inteligente,146.75,1,11.54,App,5
ORD-1737,2025-04-08,CLI-326,México,Estilo de Vida,Botella Térmica Inteligente,206.94,1,5.13,App,3
ORD-1738,2025-04-15,CLI-391,México,Tecnología,Monitor 4K Curved,395.76,1,25.29,App,5
ORD-1739,2025-04-09,CLI-136,Colombia,Estilo de Vida,Mochila Ergonómica,165.96,1,5.41,Web,5
ORD-1740,2025-11-07,CLI-474,España,Estilo de Vida,Lámpara LED Escritorio,161.48,3,7.9,App,5
ORD-1741,2025-01-06,CLI-288,España,Estilo de Vida,Silla Gaming X,149.81,2,7.87,Web,4
ORD-1742,2025-07-16,CLI-294,España,Tecnología,Auriculares Noise-Cancelling,857.9,1,54.23,App,2
ORD-1743,2025-12-17,CLI-341,Argentina,Tecnología,Monitor 4K Curved,768.25,3,44.3,App,4
ORD-1744,2025-05-13,CLI-146,España,Tecnología,Smartphone Alpha,1089.61,1,59.72,App,3
ORD-1745,2025-12-24,CLI-367,España,Tecnología,Monitor 4K Curved,214.69,4,17.36,App,5
ORD-1746,2025-09-16,CLI-410,España,Tecnología,Monitor 4K Curved,764.33,1,48.35,Web,2
ORD-1747,2025-01-23,CLI-365,España,Tecnología,Smartphone Alpha,1016.39,1,60.67,Web,2
ORD-1748,2025-02-22,CLI-173,México,Estilo de Vida,Set de Teclado Mecánico,76.7,1,8.88,App,5
ORD-1749,2025-06-14,CLI-384,Argentina,Estilo de Vida,Botella Térmica Inteligente,84.43,1,4.65,Tienda Física,4
ORD-1750,2025-07-21,CLI-486,Colombia,Tecnología,Smartwatch Series Z,283.78,1,25.58,Web,4
ORD-1751,2025-03-24,CLI-187,México,Estilo de Vida,Mochila Ergonómica,95.41,1,8.86,App,3
ORD-1752,2025-05-25,CLI-433,España,Tecnología,Monitor 4K Curved,1198.85,1,71.02,Web,4
ORD-1753,2025-03-26,CLI-260,Colombia,Estilo de Vida,Lámpara LED Escritorio,126.28,1,6.36,Tienda Física,5
ORD-1754,2025-03-19,CLI-286,México,Estilo de Vida,Mochila Ergonómica,185.21,2,9.29,Web,1
ORD-1755,2025-01-01,CLI-219,Argentina,Tecnología,Laptop Pro 15,911.75,2,51.4,Web,5
ORD-1756,2025-02-20,CLI-408,España,Tecnología,Smartwatch Series Z,1130.0,1,70.09,Web,3
ORD-1757,2025-06-22,CLI-393,Chile,Tecnología,Monitor 4K Curved,1060.43,1,67.55,App,3
ORD-1758,2025-07-24,CLI-272,España,Tecnología,Laptop Pro 15,865.53,2,50.81,App,3
ORD-1759,2025-09-17,CLI-214,Argentina,Tecnología,Laptop Pro 15,789.94,1,52.7,Web,2
ORD-1760,2025-10-15,CLI-240,México,Estilo de Vida,Botella Térmica Inteligente,179.1,1,9.56,App,4
ORD-1761,2025-02-03,CLI-171,Colombia,Tecnología,Monitor 4K Curved,275.24,1,21.01,Tienda Física,5
ORD-1762,2025-12-14,CLI-479,España,Tecnología,Smartphone Alpha,457.04,4,36.6,Tienda Física,1
ORD-1763,2025-04-05,CLI-322,Colombia,Tecnología,Smartwatch Series Z,1021.13,3,63.1,Web,4
ORD-1764,2025-03-13,CLI-170,Colombia,Tecnología,Smartphone Alpha,348.06,1,27.48,Tienda Física,5
ORD-1765,2025-02-08,CLI-283,España,Estilo de Vida,Set de Teclado Mecánico,270.88,1,11.28,Tienda Física,4
ORD-1766,2025-06-03,CLI-196,México,Tecnología,Laptop Pro 15,462.94,1,32.27,Tienda Física,5
ORD-1767,2025-09-07,CLI-224,España,Estilo de Vida,Set de Teclado Mecánico,223.03,2,9.08,Web,3
ORD-1768,2025-06-11,CLI-235,Chile,Tecnología,Smartphone Alpha,616.57,1,45.27,Tienda Física,5
ORD-1769,2025-04-28,CLI-480,España,Tecnología,Smartphone Alpha,921.59,1,54.13,App,5
ORD-1770,2025-09-16,CLI-407,España,Estilo de Vida,Mochila Ergonómica,83.08,1,5.82,Tienda Física,3
ORD-1771,2025-11-02,CLI-132,España,Estilo de Vida,Silla Gaming X,229.72,3,11.74,App,5
ORD-1772,2025-09-25,CLI-155,México,Tecnología,Laptop Pro 15,541.52,1,33.53,Web,1
ORD-1773,2025-02-23,CLI-237,España,Tecnología,Auriculares Noise-Cancelling,1029.77,3,65.32,Web,4
ORD-1774,2025-08-24,CLI-300,México,Tecnología,Smartphone Alpha,610.21,1,38.14,App,3
ORD-1775,2025-08-10,CLI-194,Argentina,Estilo de Vida,Botella Térmica Inteligente,65.55,2,3.66,App,5
ORD-1776,2025-09-08,CLI-307,España,Tecnología,Auriculares Noise-Cancelling,1042.43,2,64.38,Web,5
ORD-1777,2025-11-09,CLI-253,Chile,Estilo de Vida,Botella Térmica Inteligente,264.52,3,6.08,Web,5
ORD-1778,2025-04-22,CLI-331,México,Estilo de Vida,Mochila Ergonómica,290.29,1,3.66,Tienda Física,5
ORD-1779,2025-09-12,CLI-246,España,Estilo de Vida,Botella Térmica Inteligente,230.49,1,5.81,Tienda Física,5
ORD-1780,2025-10-30,CLI-260,España,Estilo de Vida,Lámpara LED Escritorio,282.4,1,9.1,App,3
ORD-1781,2025-07-26,CLI-194,España,Tecnología,Auriculares Noise-Cancelling,738.42,2,48.87,Web,4
ORD-1782,2025-08-17,CLI-169,España,Estilo de Vida,Set de Teclado Mecánico,114.84,1,6.93,App,2
ORD-1783,2025-12-07,CLI-139,Colombia,Estilo de Vida,Set de Teclado Mecánico,200.94,2,3.49,Web,5
ORD-1784,2025-03-07,CLI-485,Chile,Tecnología,Auriculares Noise-Cancelling,892.91,2,54.27,Web,4
ORD-1785,2025-03-16,CLI-322,Colombia,Tecnología,Monitor 4K Curved,1110.35,1,62.6,Web,3
ORD-1786,2025-04-13,CLI-236,Colombia,Tecnología,Laptop Pro 15,779.4,2,45.68,Web,3
ORD-1787,2025-07-11,CLI-179,Colombia,Estilo de Vida,Silla Gaming X,167.83,1,8.09,Tienda Física,4
ORD-1788,2025-09-09,CLI-368,España,Estilo de Vida,Set de Teclado Mecánico,132.67,1,9.42,App,4
ORD-1789,2025-08-14,CLI-262,Colombia,Estilo de Vida,Set de Teclado Mecánico,260.93,3,5.69,Web,5
ORD-1790,2025-10-21,CLI-310,Chile,Tecnología,Laptop Pro 15,628.28,2,36.72,Web,4
ORD-1791,2025-11-02,CLI-326,Colombia,Estilo de Vida,Set de Teclado Mecánico,31.71,3,8.23,Tienda Física,5
ORD-1792,2025-04-08,CLI-431,Chile,Tecnología,Smartphone Alpha,395.26,1,27.4,Web,4
ORD-1793,2025-12-04,CLI-324,España,Tecnología,Smartwatch Series Z,410.0,4,30.56,Web,2
ORD-1794,2025-10-13,CLI-325,Colombia,Tecnología,Monitor 4K Curved,765.98,1,49.54,Web,5
ORD-1795,2025-12-01,CLI-259,México,Tecnología,Laptop Pro 15,734.57,4,50.28,Web,2
ORD-1796,2025-12-13,CLI-305,Colombia,Tecnología,Smartwatch Series Z,187.55,2,19.66,App,4
ORD-1797,2025-11-04,CLI-245,España,Tecnología,Auriculares Noise-Cancelling,611.48,2,36.25,Tienda Física,5
ORD-1798,2025-09-06,CLI-333,México,Tecnología,Smartwatch Series Z,274.28,1,25.17,Tienda Física,2
ORD-1799,2025-06-15,CLI-284,España,Tecnología,Monitor 4K Curved,844.52,1,56.05,Web,4
ORD-1800,2025-12-01,CLI-395,Argentina,Tecnología,Smartwatch Series Z,353.4,2,26.13,App,5
ORD-1801,2025-01-30,CLI-125,España,Estilo de Vida,Botella Térmica Inteligente,264.6,1,3.14,Web,4
ORD-1802,2025-09-04,CLI-200,España,Tecnología,Smartphone Alpha,688.21,1,45.05,App,5
ORD-1803,2025-04-16,CLI-492,Argentina,Tecnología,Smartphone Alpha,678.75,1,46.95,Web,5
ORD-1804,2025-02-20,CLI-342,Argentina,Tecnología,Monitor 4K Curved,1079.17,1,64.73,Web,1
ORD-1805,2025-03-22,CLI-234,Colombia,Tecnología,Smartphone Alpha,1001.64,2,55.96,App,4
ORD-1806,2025-05-13,CLI-473,Colombia,Tecnología,Smartphone Alpha,864.61,1,49.44,Web,5
ORD-1807,2025-10-12,CLI-455,España,Tecnología,Auriculares Noise-Cancelling,479.82,1,35.33,App,2
ORD-1808,2025-05-18,CLI-306,España,Estilo de Vida,Set de Teclado Mecánico,293.79,1,3.34,Web,5
ORD-1809,2025-07-03,CLI-410,Chile,Tecnología,Laptop Pro 15,830.21,1,48.61,Tienda Física,5
ORD-1810,2025-11-26,CLI-194,Argentina,Estilo de Vida,Botella Térmica Inteligente,286.31,3,3.57,App,5
ORD-1811,2025-09-30,CLI-232,México,Estilo de Vida,Lámpara LED Escritorio,35.61,1,10.91,Web,4
ORD-1812,2025-12-06,CLI-362,España,Tecnología,Monitor 4K Curved,591.35,4,43.52,Web,1
ORD-1813,2025-03-10,CLI-107,Colombia,Tecnología,Smartphone Alpha,581.35,1,34.25,Tienda Física,5
ORD-1814,2025-02-03,CLI-248,España,Tecnología,Laptop Pro 15,489.22,1,37.85,App,5
ORD-1815,2025-09-19,CLI-252,España,Tecnología,Laptop Pro 15,737.85,1,51.5,Web,5
ORD-1816,2025-02-22,CLI-101,España,Estilo de Vida,Botella Térmica Inteligente,119.97,1,11.92,Web,5
ORD-1817,2025-07-24,CLI-299,México,Estilo de Vida,Lámpara LED Escritorio,40.53,2,9.06,Web,4
ORD-1818,2025-05-06,CLI-470,México,Tecnología,Laptop Pro 15,909.09,1,52.52,Web,4
ORD-1819,2025-08-23,CLI-348,Colombia,Tecnología,Monitor 4K Curved,161.21,2,20.83,Web,4
ORD-1820,2025-02-12,CLI-291,Chile,Tecnología,Monitor 4K Curved,253.92,2,20.41,Web,5
ORD-1821,2025-08-28,CLI-478,España,Estilo de Vida,Botella Térmica Inteligente,218.89,1,7.06,App,5
ORD-1822,2025-04-21,CLI-295,España,Tecnología,Auriculares Noise-Cancelling,334.46,1,31.33,Tienda Física,4
ORD-1823,2025-09-06,CLI-165,Chile,Estilo de Vida,Silla Gaming X,261.52,1,4.1,Web,3
ORD-1824,2025-05-31,CLI-418,Colombia,Tecnología,Smartphone Alpha,1011.29,1,57.66,Web,2
ORD-1825,2025-07-02,CLI-364,España,Estilo de Vida,Botella Térmica Inteligente,192.62,1,8.27,Web,2
ORD-1826,2025-12-02,CLI-176,España,Estilo de Vida,Mochila Ergonómica,212.84,4,8.95,Tienda Física,3
ORD-1827,2025-04-05,CLI-420,España,Tecnología,Monitor 4K Curved,1174.88,3,69.07,Web,4
ORD-1828,2025-01-08,CLI-327,Colombia,Tecnología,Laptop Pro 15,1187.68,1,68.27,Tienda Física,3
ORD-1829,2025-12-26,CLI-266,México,Estilo de Vida,Set de Teclado Mecánico,213.31,4,4.13,App,3
ORD-1830,2025-07-03,CLI-380,España,Tecnología,Auriculares Noise-Cancelling,330.3,1,26.81,App,5
ORD-1831,2025-10-08,CLI-296,México,Tecnología,Monitor 4K Curved,425.42,1,34.66,App,4
ORD-1832,2025-07-14,CLI-160,Argentina,Estilo de Vida,Set de Teclado Mecánico,110.41,1,8.54,Web,4
ORD-1833,2025-12-18,CLI-231,España,Estilo de Vida,Mochila Ergonómica,219.89,2,4.03,Web,4
ORD-1834,2025-07-14,CLI-325,Argentina,Tecnología,Auriculares Noise-Cancelling,340.31,1,29.14,Web,5
ORD-1835,2025-06-04,CLI-420,Colombia,Tecnología,Smartphone Alpha,654.99,1,41.51,Web,4
ORD-1836,2025-04-03,CLI-440,Chile,Estilo de Vida,Botella Térmica Inteligente,79.7,1,5.16,Tienda Física,3
ORD-1837,2025-06-09,CLI-221,México,Tecnología,Smartphone Alpha,151.9,1,14.83,Tienda Física,3
ORD-1838,2025-03-02,CLI-304,España,Tecnología,Smartwatch Series Z,291.94,1,26.55,Web,5
ORD-1839,2025-05-02,CLI-100,México,Tecnología,Auriculares Noise-Cancelling,867.77,3,48.42,Web,5
ORD-1840,2025-02-20,CLI-403,Argentina,Tecnología,Laptop Pro 15,1068.69,3,66.54,Tienda Física,5
ORD-1841,2025-10-04,CLI-134,España,Tecnología,Auriculares Noise-Cancelling,479.04,2,31.9,Tienda Física,2
ORD-1842,2025-01-05,CLI-248,México,Tecnología,Laptop Pro 15,728.88,1,45.04,App,3
ORD-1843,2025-04-02,CLI-373,Argentina,Tecnología,Monitor 4K Curved,769.95,1,44.47,App,5
ORD-1844,2025-06-19,CLI-486,Colombia,Tecnología,Laptop Pro 15,861.21,1,48.3,Web,3
ORD-1845,2025-11-13,CLI-372,México,Estilo de Vida,Silla Gaming X,242.48,4,10.23,App,5
ORD-1846,2025-01-22,CLI-310,Chile,Estilo de Vida,Mochila Ergonómica,115.11,1,4.89,Web,1
ORD-1847,2025-11-22,CLI-192,México,Tecnología,Smartwatch Series Z,533.35,3,37.78,Tienda Física,2
ORD-1848,2025-01-01,CLI-243,España,Tecnología,Laptop Pro 15,685.22,1,43.49,Web,5
ORD-1849,2025-05-13,CLI-119,Argentina,Estilo de Vida,Botella Térmica Inteligente,244.13,3,4.15,App,4
ORD-1850,2025-08-21,CLI-277,Chile,Estilo de Vida,Silla Gaming X,50.66,2,7.69,Tienda Física,5
ORD-1851,2025-01-12,CLI-374,España,Estilo de Vida,Botella Térmica Inteligente,96.23,1,9.38,Web,3
ORD-1852,2025-12-12,CLI-486,Chile,Estilo de Vida,Lámpara LED Escritorio,164.85,2,7.29,Tienda Física,5
ORD-1853,2025-02-15,CLI-193,España,Estilo de Vida,Lámpara LED Escritorio,72.27,1,3.53,Web,4
ORD-1854,2025-02-03,CLI-497,Colombia,Tecnología,Monitor 4K Curved,282.24,2,28.14,Web,5
ORD-1855,2025-03-19,CLI-206,México,Tecnología,Laptop Pro 15,975.1,3,58.38,Web,5
ORD-1856,2025-08-06,CLI-426,Argentina,Tecnología,Monitor 4K Curved,338.79,3,26.62,App,1
ORD-1857,2025-10-28,CLI-334,España,Tecnología,Monitor 4K Curved,1021.53,2,56.57,App,4
ORD-1858,2025-03-14,CLI-312,España,Estilo de Vida,Set de Teclado Mecánico,39.21,2,4.43,Web,4
ORD-1859,2025-10-09,CLI-385,España,Estilo de Vida,Silla Gaming X,148.02,1,10.11,Web,4
ORD-1860,2025-09-06,CLI-117,México,Estilo de Vida,Botella Térmica Inteligente,184.7,1,6.49,Web,4
ORD-1861,2025-02-16,CLI-463,Colombia,Tecnología,Auriculares Noise-Cancelling,220.02,1,24.3,App,3
ORD-1862,2025-05-01,CLI-320,Colombia,Tecnología,Monitor 4K Curved,244.11,2,26.8,App,4
ORD-1863,2025-08-02,CLI-490,México,Estilo de Vida,Set de Teclado Mecánico,162.23,1,11.38,App,3
ORD-1864,2025-08-27,CLI-415,España,Tecnología,Laptop Pro 15,685.21,1,43.06,Tienda Física,4
ORD-1865,2025-02-25,CLI-125,México,Estilo de Vida,Silla Gaming X,112.5,2,4.49,Web,5
ORD-1866,2025-12-16,CLI-110,España,Tecnología,Auriculares Noise-Cancelling,972.48,2,56.31,Web,3
ORD-1867,2025-04-17,CLI-338,España,Tecnología,Smartphone Alpha,1055.56,1,67.39,Web,5
ORD-1868,2025-11-15,CLI-275,España,Tecnología,Auriculares Noise-Cancelling,367.18,2,29.9,App,5
ORD-1869,2025-02-17,CLI-284,Chile,Tecnología,Laptop Pro 15,857.19,1,49.01,Web,2
ORD-1870,2025-03-02,CLI-344,México,Tecnología,Smartphone Alpha,363.96,1,30.63,App,5
ORD-1871,2025-12-03,CLI-331,México,Tecnología,Auriculares Noise-Cancelling,791.92,3,54.24,Web,3
ORD-1872,2025-01-26,CLI-123,México,Estilo de Vida,Botella Térmica Inteligente,168.71,1,10.04,Web,2
ORD-1873,2025-10-19,CLI-160,Chile,Estilo de Vida,Set de Teclado Mecánico,34.79,2,4.23,Web,2
ORD-1874,2025-09-14,CLI-358,México,Tecnología,Monitor 4K Curved,1135.51,3,63.63,Tienda Física,3
ORD-1875,2025-01-08,CLI-436,España,Tecnología,Laptop Pro 15,848.38,2,54.33,Web,5
ORD-1876,2025-04-23,CLI-198,México,Tecnología,Laptop Pro 15,624.69,1,44.81,Web,4
ORD-1877,2025-12-21,CLI-103,México,Tecnología,Monitor 4K Curved,320.91,3,25.94,Web,1
ORD-1878,2025-09-10,CLI-191,Argentina,Tecnología,Monitor 4K Curved,816.91,1,54.94,App,4
ORD-1879,2025-06-29,CLI-331,España,Tecnología,Smartwatch Series Z,1153.66,1,70.02,Tienda Física,5
ORD-1880,2025-07-26,CLI-148,Chile,Tecnología,Smartwatch Series Z,992.69,1,63.09,Tienda Física,4
ORD-1881,2025-10-30,CLI-418,Argentina,Tecnología,Laptop Pro 15,863.53,1,48.85,App,3
ORD-1882,2025-05-07,CLI-319,Argentina,Estilo de Vida,Mochila Ergonómica,267.51,1,7.37,Tienda Física,4
ORD-1883,2025-02-25,CLI-492,España,Tecnología,Smartwatch Series Z,358.58,3,25.74,Web,5
ORD-1884,2025-08-02,CLI-389,Argentina,Tecnología,Laptop Pro 15,316.57,1,23.96,Web,2
ORD-1885,2025-01-14,CLI-400,Colombia,Estilo de Vida,Set de Teclado Mecánico,172.93,1,5.79,App,5
ORD-1886,2025-01-28,CLI-129,México,Tecnología,Monitor 4K Curved,219.6,1,19.65,Web,5
ORD-1887,2025-03-19,CLI-186,España,Tecnología,Smartwatch Series Z,662.1,1,44.41,Web,4
ORD-1888,2025-08-04,CLI-273,Argentina,Estilo de Vida,Mochila Ergonómica,182.2,1,11.13,Tienda Física,4
ORD-1889,2025-12-31,CLI-415,Colombia,Tecnología,Smartphone Alpha,1036.75,5,62.66,Web,3
ORD-1890,2025-06-03,CLI-227,Chile,Tecnología,Auriculares Noise-Cancelling,640.6,2,39.43,App,5
ORD-1891,2025-01-14,CLI-197,México,Estilo de Vida,Botella Térmica Inteligente,163.84,1,10.98,Web,4
ORD-1892,2025-07-06,CLI-261,España,Tecnología,Smartphone Alpha,904.53,1,52.36,Web,4
ORD-1893,2025-11-08,CLI-342,Chile,Tecnología,Smartwatch Series Z,714.03,2,42.74,Web,1
ORD-1894,2025-01-07,CLI-274,España,Tecnología,Laptop Pro 15,163.73,1,14.9,Web,3
ORD-1895,2025-01-03,CLI-186,España,Tecnología,Laptop Pro 15,185.97,1,16.0,App,4
ORD-1896,2025-04-21,CLI-474,México,Tecnología,Monitor 4K Curved,1186.58,1,73.15,App,5
ORD-1897,2025-08-26,CLI-189,España,Tecnología,Laptop Pro 15,699.95,2,40.24,Web,1
ORD-1898,2025-12-29,CLI-313,España,Estilo de Vida,Silla Gaming X,276.22,2,6.74,Tienda Física,3
ORD-1899,2025-08-27,CLI-349,Argentina,Estilo de Vida,Set de Teclado Mecánico,229.61,1,7.53,App,3
ORD-1900,2025-10-01,CLI-436,Argentina,Estilo de Vida,Lámpara LED Escritorio,269.51,1,10.61,App,4
ORD-1901,2025-10-21,CLI-251,México,Estilo de Vida,Botella Térmica Inteligente,85.52,2,6.5,App,3
ORD-1902,2025-08-15,CLI-383,España,Estilo de Vida,Lámpara LED Escritorio,73.42,1,9.69,Web,5
ORD-1903,2025-01-15,CLI-214,México,Tecnología,Auriculares Noise-Cancelling,244.32,1,23.12,Web,2
ORD-1904,2025-07-11,CLI-433,Colombia,Tecnología,Smartphone Alpha,307.03,1,21.39,Web,3
ORD-1905,2025-04-29,CLI-257,Colombia,Estilo de Vida,Botella Térmica Inteligente,83.67,2,6.47,Web,2
ORD-1906,2025-01-28,CLI-146,España,Tecnología,Smartphone Alpha,411.38,1,31.47,Web,4
ORD-1907,2025-07-21,CLI-331,Chile,Tecnología,Auriculares Noise-Cancelling,734.05,3,45.82,Web,3
ORD-1908,2025-02-08,CLI-205,México,Estilo de Vida,Botella Térmica Inteligente,248.29,1,5.88,Web,1
ORD-1909,2025-09-30,CLI-119,Colombia,Estilo de Vida,Set de Teclado Mecánico,56.24,3,6.07,App,4
ORD-1910,2025-08-19,CLI-202,México,Tecnología,Laptop Pro 15,675.35,1,43.6,App,4
ORD-1911,2025-03-27,CLI-254,España,Estilo de Vida,Silla Gaming X,139.08,1,9.91,Web,4
ORD-1912,2025-05-06,CLI-123,México,Tecnología,Smartwatch Series Z,837.35,1,53.96,Web,4
ORD-1913,2025-10-27,CLI-283,México,Estilo de Vida,Botella Térmica Inteligente,139.59,1,6.47,Tienda Física,2
ORD-1914,2025-01-25,CLI-215,Chile,Estilo de Vida,Botella Térmica Inteligente,284.48,1,3.38,App,1
ORD-1915,2025-05-25,CLI-220,Chile,Tecnología,Smartwatch Series Z,404.02,1,33.96,App,5
ORD-1916,2025-01-13,CLI-218,México,Estilo de Vida,Botella Térmica Inteligente,278.03,1,7.23,App,2
ORD-1917,2025-07-31,CLI-113,Argentina,Tecnología,Smartwatch Series Z,260.0,1,22.54,Tienda Física,5
ORD-1918,2025-01-25,CLI-430,España,Estilo de Vida,Lámpara LED Escritorio,149.31,1,9.23,App,2
ORD-1919,2025-03-09,CLI-388,México,Tecnología,Auriculares Noise-Cancelling,249.63,1,20.81,Web,4
ORD-1920,2025-03-08,CLI-194,España,Estilo de Vida,Silla Gaming X,214.67,1,9.52,Web,3
ORD-1921,2025-08-21,CLI-485,España,Estilo de Vida,Silla Gaming X,27.67,1,4.26,App,5
ORD-1922,2025-04-19,CLI-381,Colombia,Estilo de Vida,Lámpara LED Escritorio,30.64,1,6.27,Tienda Física,2
ORD-1923,2025-05-26,CLI-339,Colombia,Tecnología,Laptop Pro 15,170.5,1,21.83,Tienda Física,5
ORD-1924,2025-04-21,CLI-378,México,Estilo de Vida,Lámpara LED Escritorio,194.18,1,10.45,App,3
ORD-1925,2025-08-16,CLI-139,Colombia,Tecnología,Auriculares Noise-Cancelling,563.41,1,35.44,App,5
ORD-1926,2025-04-21,CLI-278,Chile,Tecnología,Smartphone Alpha,479.04,1,33.58,Tienda Física,4
ORD-1927,2025-02-03,CLI-392,España,Estilo de Vida,Set de Teclado Mecánico,92.58,1,8.19,Tienda Física,4
ORD-1928,2025-04-21,CLI-300,España,Estilo de Vida,Botella Térmica Inteligente,202.35,1,10.66,Tienda Física,4
ORD-1929,2025-09-21,CLI-167,México,Estilo de Vida,Set de Teclado Mecánico,178.12,1,8.95,App,2
ORD-1930,2025-08-24,CLI-491,Colombia,Tecnología,Smartphone Alpha,563.68,1,35.84,App,5
ORD-1931,2025-03-24,CLI-271,España,Tecnología,Auriculares Noise-Cancelling,947.71,1,60.12,App,5
ORD-1932,2025-02-11,CLI-431,México,Estilo de Vida,Set de Teclado Mecánico,186.62,1,5.27,Web,3
ORD-1933,2025-04-11,CLI-220,México,Estilo de Vida,Set de Teclado Mecánico,293.87,3,3.97,Tienda Física,5
ORD-1934,2025-01-06,CLI-244,Argentina,Estilo de Vida,Mochila Ergonómica,171.34,1,6.62,Web,5
ORD-1935,2025-06-29,CLI-237,México,Tecnología,Smartphone Alpha,1110.18,2,61.41,App,3
ORD-1936,2025-10-09,CLI-161,México,Tecnología,Auriculares Noise-Cancelling,268.5,1,23.76,Tienda Física,5
ORD-1937,2025-11-16,CLI-345,México,Estilo de Vida,Set de Teclado Mecánico,36.41,2,5.53,Tienda Física,5
ORD-1938,2025-08-14,CLI-364,México,Estilo de Vida,Set de Teclado Mecánico,199.38,1,11.86,Web,4
ORD-1939,2025-11-11,CLI-267,México,Tecnología,Laptop Pro 15,693.3,5,43.99,Tienda Física,1
ORD-1940,2025-12-31,CLI-291,Chile,Tecnología,Smartphone Alpha,525.67,4,40.7,Web,5
ORD-1941,2025-08-17,CLI-441,España,Estilo de Vida,Botella Térmica Inteligente,100.93,1,11.37,Tienda Física,4
ORD-1942,2025-10-16,CLI-469,España,Estilo de Vida,Botella Térmica Inteligente,240.65,2,9.87,Web,4
ORD-1943,2025-05-30,CLI-223,España,Estilo de Vida,Botella Térmica Inteligente,226.75,2,8.63,Tienda Física,4
ORD-1944,2025-10-04,CLI-261,España,Tecnología,Laptop Pro 15,887.27,2,54.5,Web,5
ORD-1945,2025-07-17,CLI-425,Chile,Tecnología,Smartwatch Series Z,316.0,1,22.05,Web,5
ORD-1946,2025-03-11,CLI-443,España,Tecnología,Monitor 4K Curved,428.89,2,33.49,Web,5
ORD-1947,2025-04-22,CLI-259,México,Estilo de Vida,Lámpara LED Escritorio,202.07,1,7.96,Web,5
ORD-1948,2025-01-04,CLI-287,España,Tecnología,Monitor 4K Curved,905.14,1,56.11,Tienda Física,4
ORD-1949,2025-12-16,CLI-159,México,Tecnología,Smartwatch Series Z,414.89,3,31.61,Web,5
ORD-1950,2025-11-27,CLI-357,México,Tecnología,Laptop Pro 15,1159.72,3,68.1,Web,2
ORD-1951,2025-11-14,CLI-360,España,Tecnología,Smartphone Alpha,344.62,4,28.57,Web,5
ORD-1952,2025-12-16,CLI-141,España,Tecnología,Smartwatch Series Z,571.88,2,42.68,Web,4
ORD-1953,2025-04-05,CLI-372,España,Estilo de Vida,Lámpara LED Escritorio,120.84,1,4.19,Web,5
ORD-1954,2025-06-01,CLI-460,España,Tecnología,Auriculares Noise-Cancelling,723.35,3,47.07,Web,3
ORD-1955,2025-11-07,CLI-146,Chile,Tecnología,Smartphone Alpha,855.54,4,52.37,Web,5
ORD-1956,2025-05-17,CLI-273,México,Tecnología,Smartwatch Series Z,1035.34,1,61.58,Tienda Física,3
ORD-1957,2025-09-04,CLI-374,México,Tecnología,Smartwatch Series Z,779.26,3,48.73,Web,5
ORD-1958,2025-08-31,CLI-390,México,Tecnología,Monitor 4K Curved,732.61,1,49.59,App,4
ORD-1959,2025-01-31,CLI-367,Argentina,Estilo de Vida,Set de Teclado Mecánico,199.5,1,7.79,Web,4
ORD-1960,2025-02-09,CLI-206,España,Tecnología,Smartwatch Series Z,418.89,1,27.15,App,2
ORD-1961,2025-08-17,CLI-313,Colombia,Tecnología,Smartwatch Series Z,255.56,1,22.74,Web,5
ORD-1962,2025-02-05,CLI-378,Argentina,Tecnología,Laptop Pro 15,620.37,1,37.91,App,4
ORD-1963,2025-08-11,CLI-471,Chile,Tecnología,Smartwatch Series Z,377.12,2,31.93,Web,3
ORD-1964,2025-01-06,CLI-419,España,Tecnología,Auriculares Noise-Cancelling,871.76,2,54.92,Web,3
ORD-1965,2025-11-18,CLI-147,Argentina,Tecnología,Laptop Pro 15,475.25,2,33.98,Web,5
ORD-1966,2025-08-08,CLI-135,España,Tecnología,Smartwatch Series Z,233.78,3,20.87,App,5
ORD-1967,2025-03-16,CLI-376,México,Estilo de Vida,Silla Gaming X,250.58,1,6.64,App,4
ORD-1968,2025-01-04,CLI-248,España,Tecnología,Smartphone Alpha,811.42,1,45.75,Web,5
ORD-1969,2025-12-01,CLI-393,España,Estilo de Vida,Set de Teclado Mecánico,74.36,3,9.89,Web,3
ORD-1970,2025-05-14,CLI-126,España,Estilo de Vida,Mochila Ergonómica,126.16,1,8.0,Tienda Física,5
ORD-1971,2025-04-28,CLI-362,Chile,Tecnología,Auriculares Noise-Cancelling,1078.91,1,65.11,Web,5
ORD-1972,2025-04-04,CLI-485,Colombia,Tecnología,Smartphone Alpha,613.26,1,42.83,Web,5
ORD-1973,2025-03-03,CLI-199,España,Estilo de Vida,Lámpara LED Escritorio,210.35,2,7.87,App,5
ORD-1974,2025-07-13,CLI-255,Argentina,Estilo de Vida,Mochila Ergonómica,204.08,1,10.71,Web,3
ORD-1975,2025-12-01,CLI-440,España,Estilo de Vida,Mochila Ergonómica,254.76,3,4.46,Web,4
ORD-1976,2025-07-22,CLI-138,Colombia,Tecnología,Smartwatch Series Z,222.87,2,24.17,Web,4
ORD-1977,2025-01-26,CLI-418,Chile,Tecnología,Monitor 4K Curved,966.88,1,58.27,App,2
ORD-1978,2025-06-22,CLI-237,Argentina,Tecnología,Auriculares Noise-Cancelling,1185.77,1,71.44,Web,5
ORD-1979,2025-10-27,CLI-468,España,Tecnología,Monitor 4K Curved,1146.57,1,72.31,App,1
ORD-1980,2025-05-13,CLI-225,España,Tecnología,Auriculares Noise-Cancelling,871.27,1,51.5,Web,4
ORD-1981,2025-11-22,CLI-147,España,Tecnología,Smartwatch Series Z,358.77,2,28.02,Web,4
ORD-1982,2025-04-28,CLI-131,España,Tecnología,Auriculares Noise-Cancelling,958.64,2,54.35,Web,5
ORD-1983,2025-11-20,CLI-156,España,Tecnología,Smartphone Alpha,966.05,4,56.16,Web,5
ORD-1984,2025-10-02,CLI-105,España,Estilo de Vida,Mochila Ergonómica,97.34,1,8.18,Web,4
ORD-1985,2025-07-31,CLI-363,España,Tecnología,Smartwatch Series Z,164.99,1,19.26,Web,5
ORD-1986,2025-08-13,CLI-333,España,Estilo de Vida,Lámpara LED Escritorio,122.62,1,3.65,Tienda Física,5
ORD-1987,2025-01-20,CLI-336,Chile,Estilo de Vida,Silla Gaming X,227.3,2,7.38,Tienda Física,5
ORD-1988,2025-04-23,CLI-150,Argentina,Tecnología,Monitor 4K Curved,874.39,1,57.56,Tienda Física,5
ORD-1989,2025-05-20,CLI-442,Argentina,Tecnología,Laptop Pro 15,261.25,1,19.18,App,5
ORD-1990,2025-02-16,CLI-353,España,Tecnología,Smartwatch Series Z,254.71,1,21.37,Web,3
ORD-1991,2025-01-01,CLI-308,Chile,Tecnología,Laptop Pro 15,227.81,1,21.04,Web,5
ORD-1992,2025-03-31,CLI-308,España,Tecnología,Laptop Pro 15,191.38,1,20.44,Tienda Física,4
ORD-1993,2025-05-22,CLI-146,España,Estilo de Vida,Lámpara LED Escritorio,91.82,1,8.78,Web,4
ORD-1994,2025-11-16,CLI-157,Chile,Estilo de Vida,Lámpara LED Escritorio,103.27,3,6.27,Web,5
ORD-1995,2025-02-07,CLI-403,Colombia,Estilo de Vida,Set de Teclado Mecánico,87.53,1,5.03,App,5
ORD-1996,2025-10-20,CLI-474,España,Tecnología,Auriculares Noise-Cancelling,370.91,2,26.45,Web,4
ORD-1997,2025-05-19,CLI-104,España,Tecnología,Laptop Pro 15,1018.25,2,56.89,Web,5
ORD-1998,2025-12-22,CLI-248,España,Estilo de Vida,Botella Térmica Inteligente,100.66,4,7.56,Tienda Física,5
ORD-1999,2025-11-29,CLI-154,España,Estilo de Vida,Lámpara LED Escritorio,118.58,4,8.59,Web,5
ORD-2000,2025-09-16,CLI-184,España,Tecnología,Smartwatch Series Z,549.16,2,35.83,App,3
ORD-2001,2025-06-10,CLI-377,España,Tecnología,Auriculares Noise-Cancelling,301.74,3,21.43,Tienda Física,4
ORD-2002,2025-06-27,CLI-477,España,Estilo de Vida,Set de Teclado Mecánico,165.31,2,4.15,Web,4
ORD-2003,2025-01-10,CLI-160,España,Tecnología,Laptop Pro 15,404.0,1,29.19,App,1
ORD-2004,2025-09-18,CLI-474,México,Tecnología,Laptop Pro 15,173.73,1,16.12,Tienda Física,4
ORD-2005,2025-05-18,CLI-193,Chile,Tecnología,Smartphone Alpha,1042.78,1,64.2,Web,4
ORD-2006,2025-06-21,CLI-272,Argentina,Tecnología,Smartphone Alpha,928.68,1,55.3,App,1
ORD-2007,2025-01-13,CLI-277,Argentina,Estilo de Vida,Set de Teclado Mecánico,214.3,3,5.65,Web,5
ORD-2008,2025-06-17,CLI-128,México,Estilo de Vida,Mochila Ergonómica,208.68,1,3.84,Web,5
ORD-2009,2025-05-10,CLI-274,Colombia,Tecnología,Monitor 4K Curved,708.55,3,45.54,Web,5
ORD-2010,2025-03-25,CLI-315,Argentina,Estilo de Vida,Silla Gaming X,277.3,1,11.38,Web,4
ORD-2011,2025-11-17,CLI-381,México,Tecnología,Laptop Pro 15,199.89,3,17.19,App,5
ORD-2012,2025-11-15,CLI-231,España,Tecnología,Smartwatch Series Z,758.97,2,52.43,Web,5
ORD-2013,2025-04-11,CLI-340,España,Tecnología,Smartwatch Series Z,171.68,1,23.21,Web,1
ORD-2014,2025-11-25,CLI-356,México,Tecnología,Auriculares Noise-Cancelling,563.02,2,41.62,Tienda Física,2
ORD-2015,2025-09-30,CLI-431,México,Estilo de Vida,Mochila Ergonómica,79.91,1,7.56,Tienda Física,5
ORD-2016,2025-09-22,CLI-277,México,Tecnología,Laptop Pro 15,674.98,1,40.16,App,2
ORD-2017,2025-02-07,CLI-360,España,Tecnología,Monitor 4K Curved,920.59,1,51.77,App,4
ORD-2018,2025-04-04,CLI-102,España,Tecnología,Monitor 4K Curved,1164.49,1,71.43,Web,2
ORD-2019,2025-04-05,CLI-171,España,Estilo de Vida,Set de Teclado Mecánico,230.22,1,8.44,Web,5
ORD-2020,2025-11-01,CLI-460,Colombia,Tecnología,Smartwatch Series Z,1044.48,3,64.06,Web,5
ORD-2021,2025-03-10,CLI-417,Chile,Estilo de Vida,Set de Teclado Mecánico,203.05,2,6.07,App,3
ORD-2022,2025-11-14,CLI-107,Colombia,Estilo de Vida,Mochila Ergonómica,183.27,3,11.33,App,4
ORD-2023,2025-08-24,CLI-246,España,Estilo de Vida,Set de Teclado Mecánico,296.16,2,4.62,Web,4
ORD-2024,2025-11-30,CLI-208,Chile,Tecnología,Laptop Pro 15,714.4,2,50.67,Web,1
ORD-2025,2025-05-17,CLI-400,España,Tecnología,Laptop Pro 15,956.82,1,53.73,App,3
ORD-2026,2025-03-17,CLI-420,España,Tecnología,Monitor 4K Curved,662.5,2,45.25,Tienda Física,2
ORD-2027,2025-02-04,CLI-142,España,Estilo de Vida,Silla Gaming X,153.26,1,5.75,Web,4
ORD-2028,2025-01-01,CLI-359,México,Tecnología,Laptop Pro 15,414.45,3,33.5,App,4
ORD-2029,2025-10-23,CLI-271,Argentina,Tecnología,Monitor 4K Curved,938.84,1,58.73,Web,4
ORD-2030,2025-11-16,CLI-368,Chile,Tecnología,Smartphone Alpha,844.33,3,51.31,App,2
ORD-2031,2025-03-01,CLI-175,España,Estilo de Vida,Mochila Ergonómica,225.67,2,10.3,Tienda Física,5
ORD-2032,2025-11-16,CLI-239,Chile,Estilo de Vida,Set de Teclado Mecánico,258.19,3,6.31,Web,4
ORD-2033,2025-12-15,CLI-361,España,Tecnología,Monitor 4K Curved,232.45,3,22.23,Web,4
ORD-2034,2025-11-24,CLI-182,España,Estilo de Vida,Mochila Ergonómica,202.03,2,6.02,Web,4
ORD-2035,2025-09-24,CLI-203,Colombia,Tecnología,Laptop Pro 15,424.71,1,31.2,App,4
ORD-2036,2025-12-27,CLI-160,España,Tecnología,Monitor 4K Curved,378.09,2,31.05,Tienda Física,3
ORD-2037,2025-08-17,CLI-460,México,Tecnología,Laptop Pro 15,991.83,2,62.07,Tienda Física,3
ORD-2038,2025-09-27,CLI-156,España,Tecnología,Smartwatch Series Z,585.02,1,38.99,Tienda Física,5
ORD-2039,2025-11-12,CLI-121,México,Tecnología,Smartwatch Series Z,538.59,3,32.11,App,5
ORD-2040,2025-10-13,CLI-285,Colombia,Estilo de Vida,Silla Gaming X,33.12,1,6.91,Tienda Física,5
ORD-2041,2025-10-18,CLI-309,México,Tecnología,Smartwatch Series Z,829.53,2,53.35,Web,5
ORD-2042,2025-08-01,CLI-379,Chile,Tecnología,Laptop Pro 15,646.43,2,44.09,App,2
ORD-2043,2025-06-14,CLI-278,México,Estilo de Vida,Silla Gaming X,94.71,1,5.98,App,4
ORD-2044,2025-01-05,CLI-310,Argentina,Tecnología,Smartwatch Series Z,987.01,1,58.78,App,5
ORD-2045,2025-12-05,CLI-416,Colombia,Tecnología,Smartphone Alpha,958.43,3,61.5,App,2
ORD-2046,2025-03-19,CLI-134,México,Tecnología,Laptop Pro 15,219.96,3,25.76,Web,3
ORD-2047,2025-03-03,CLI-274,Argentina,Tecnología,Auriculares Noise-Cancelling,521.6,1,37.11,Tienda Física,4
ORD-2048,2025-05-12,CLI-405,Argentina,Tecnología,Smartphone Alpha,762.61,1,52.61,Tienda Física,2
ORD-2049,2025-03-30,CLI-258,Colombia,Tecnología,Monitor 4K Curved,378.0,1,27.64,Web,4
ORD-2050,2025-08-25,CLI-366,México,Tecnología,Smartphone Alpha,536.94,2,32.39,App,4
ORD-2051,2025-02-11,CLI-389,Chile,Estilo de Vida,Set de Teclado Mecánico,52.72,1,5.34,Web,1
ORD-2052,2025-03-30,CLI-357,México,Tecnología,Smartphone Alpha,443.04,1,32.95,Web,5
ORD-2053,2025-10-23,CLI-180,Argentina,Estilo de Vida,Mochila Ergonómica,288.83,1,4.87,App,4
ORD-2054,2025-11-24,CLI-103,España,Tecnología,Auriculares Noise-Cancelling,464.57,3,34.46,Web,5
ORD-2055,2025-10-22,CLI-339,México,Estilo de Vida,Set de Teclado Mecánico,151.56,1,11.13,App,4
ORD-2056,2025-04-14,CLI-240,España,Estilo de Vida,Lámpara LED Escritorio,112.1,1,5.32,App,2
ORD-2057,2025-01-14,CLI-113,Argentina,Tecnología,Smartwatch Series Z,939.76,2,57.02,Tienda Física,5
ORD-2058,2025-10-15,CLI-415,Chile,Tecnología,Auriculares Noise-Cancelling,437.84,1,28.92,Web,4
ORD-2059,2025-06-28,CLI-382,España,Estilo de Vida,Mochila Ergonómica,139.61,1,9.82,Web,4
ORD-2060,2025-05-05,CLI-427,México,Estilo de Vida,Mochila Ergonómica,139.47,1,5.39,Web,5
ORD-2061,2025-12-19,CLI-180,España,Estilo de Vida,Mochila Ergonómica,83.1,2,7.34,App,3
ORD-2062,2025-01-23,CLI-126,Chile,Tecnología,Auriculares Noise-Cancelling,806.27,1,47.84,App,5
ORD-2063,2025-03-04,CLI-170,Colombia,Estilo de Vida,Lámpara LED Escritorio,45.07,1,10.39,Tienda Física,5
ORD-2064,2025-05-23,CLI-258,Argentina,Tecnología,Smartphone Alpha,612.13,1,36.84,App,5
ORD-2065,2025-06-02,CLI-277,España,Tecnología,Laptop Pro 15,452.38,2,36.77,Web,5
ORD-2066,2025-05-25,CLI-127,México,Tecnología,Smartphone Alpha,1037.34,1,61.67,Web,4
ORD-2067,2025-08-13,CLI-182,Argentina,Tecnología,Smartwatch Series Z,534.55,1,36.07,Web,5
ORD-2068,2025-11-05,CLI-342,México,Tecnología,Auriculares Noise-Cancelling,185.33,3,21.01,Web,4
ORD-2069,2025-04-14,CLI-267,México,Tecnología,Monitor 4K Curved,404.54,1,27.07,App,5
ORD-2070,2025-04-14,CLI-194,Argentina,Tecnología,Laptop Pro 15,557.29,1,36.62,Web,5
ORD-2071,2025-02-08,CLI-280,España,Tecnología,Monitor 4K Curved,811.92,1,48.61,Tienda Física,5
ORD-2072,2025-07-17,CLI-343,España,Estilo de Vida,Lámpara LED Escritorio,80.4,1,5.11,Web,4
ORD-2073,2025-05-14,CLI-362,Argentina,Tecnología,Auriculares Noise-Cancelling,826.79,1,53.62,App,5
ORD-2074,2025-03-08,CLI-205,Colombia,Tecnología,Monitor 4K Curved,1175.31,1,70.77,Web,3
ORD-2075,2025-06-28,CLI-207,Argentina,Estilo de Vida,Set de Teclado Mecánico,96.61,1,3.17,App,3
ORD-2076,2025-02-11,CLI-245,México,Tecnología,Monitor 4K Curved,497.13,1,38.46,App,5
ORD-2077,2025-01-15,CLI-258,España,Tecnología,Smartphone Alpha,438.3,1,32.38,Web,3
ORD-2078,2025-04-21,CLI-461,España,Tecnología,Laptop Pro 15,976.69,1,63.68,App,1
ORD-2079,2025-06-06,CLI-426,España,Estilo de Vida,Mochila Ergonómica,28.24,1,8.29,Tienda Física,5
ORD-2080,2025-10-16,CLI-193,España,Tecnología,Monitor 4K Curved,1139.45,1,70.2,Web,4
ORD-2081,2025-08-19,CLI-100,México,Tecnología,Laptop Pro 15,968.05,1,60.59,Web,1
ORD-2082,2025-06-06,CLI-361,Chile,Estilo de Vida,Botella Térmica Inteligente,299.18,2,7.1,App,5
ORD-2083,2025-02-07,CLI-127,Argentina,Tecnología,Auriculares Noise-Cancelling,840.45,1,55.85,Web,5
ORD-2084,2025-04-07,CLI-450,Colombia,Tecnología,Auriculares Noise-Cancelling,1011.66,3,56.86,Web,5
ORD-2085,2025-10-16,CLI-379,España,Estilo de Vida,Botella Térmica Inteligente,139.78,3,5.68,Web,5
ORD-2086,2025-09-11,CLI-457,España,Tecnología,Smartwatch Series Z,234.35,1,24.62,Tienda Física,4
ORD-2087,2025-07-15,CLI-385,Colombia,Tecnología,Laptop Pro 15,584.77,1,36.57,Tienda Física,4
ORD-2088,2025-03-27,CLI-193,Argentina,Estilo de Vida,Silla Gaming X,241.25,1,5.25,Web,2
ORD-2089,2025-11-18,CLI-467,España,Estilo de Vida,Mochila Ergonómica,218.82,3,11.15,Web,4
ORD-2090,2025-01-10,CLI-393,Argentina,Tecnología,Smartwatch Series Z,262.23,1,26.32,Web,4
ORD-2091,2025-01-05,CLI-393,Argentina,Tecnología,Auriculares Noise-Cancelling,1155.55,1,71.45,Web,4
ORD-2092,2025-05-03,CLI-113,Chile,Estilo de Vida,Set de Teclado Mecánico,125.38,1,11.14,Web,4
ORD-2093,2025-11-26,CLI-114,México,Tecnología,Smartwatch Series Z,1004.72,4,63.0,App,4
ORD-2094,2025-12-19,CLI-325,Argentina,Tecnología,Monitor 4K Curved,1174.39,3,72.4,Web,4
ORD-2095,2025-04-28,CLI-340,Chile,Estilo de Vida,Mochila Ergonómica,134.99,1,6.81,Web,5
ORD-2096,2025-10-21,CLI-208,Argentina,Estilo de Vida,Botella Térmica Inteligente,99.05,1,8.32,Web,5
ORD-2097,2025-06-08,CLI-458,México,Tecnología,Smartwatch Series Z,1134.89,1,70.0,Web,4
ORD-2098,2025-10-30,CLI-359,Colombia,Tecnología,Smartwatch Series Z,933.03,1,53.7,Web,5
ORD-2099,2025-08-16,CLI-125,Colombia,Estilo de Vida,Silla Gaming X,269.6,1,11.99,Tienda Física,5
ORD-2100,2025-12-31,CLI-219,España,Tecnología,Monitor 4K Curved,878.43,4,56.52,Web,3
ORD-2101,2025-08-04,CLI-432,España,Estilo de Vida,Mochila Ergonómica,25.28,1,8.4,Tienda Física,3
ORD-2102,2025-07-03,CLI-358,España,Tecnología,Smartphone Alpha,326.62,1,25.58,Web,4
ORD-2103,2025-01-15,CLI-406,Argentina,Tecnología,Smartphone Alpha,258.42,1,18.44,App,5
ORD-2104,2025-06-06,CLI-256,España,Tecnología,Laptop Pro 15,459.38,1,28.47,Web,5
ORD-2105,2025-05-16,CLI-397,Colombia,Tecnología,Monitor 4K Curved,201.92,1,23.58,Tienda Física,4
ORD-2106,2025-09-18,CLI-378,México,Tecnología,Smartphone Alpha,397.24,1,26.24,Web,4
ORD-2107,2025-06-06,CLI-154,Argentina,Tecnología,Smartphone Alpha,375.98,1,24.46,Web,5
ORD-2108,2025-02-16,CLI-335,México,Estilo de Vida,Mochila Ergonómica,177.92,1,5.94,App,5
ORD-2109,2025-11-20,CLI-198,España,Estilo de Vida,Set de Teclado Mecánico,219.13,3,7.81,Web,5
ORD-2110,2025-11-28,CLI-211,Chile,Tecnología,Smartwatch Series Z,899.77,3,58.66,App,2
ORD-2111,2025-06-22,CLI-343,España,Estilo de Vida,Set de Teclado Mecánico,115.92,1,3.81,Web,5
ORD-2112,2025-05-10,CLI-465,España,Tecnología,Smartphone Alpha,1100.64,3,64.13,Tienda Física,3
ORD-2113,2025-04-05,CLI-277,España,Tecnología,Auriculares Noise-Cancelling,831.99,1,47.33,App,4
ORD-2114,2025-04-25,CLI-304,México,Tecnología,Auriculares Noise-Cancelling,349.9,1,31.9,Tienda Física,4
ORD-2115,2025-08-31,CLI-319,España,Estilo de Vida,Botella Térmica Inteligente,119.44,1,7.14,Web,4
ORD-2116,2025-10-19,CLI-399,Colombia,Estilo de Vida,Silla Gaming X,75.53,2,6.41,Web,4
ORD-2117,2025-10-09,CLI-489,México,Tecnología,Auriculares Noise-Cancelling,992.81,2,56.04,App,3
ORD-2118,2025-10-26,CLI-292,España,Tecnología,Smartwatch Series Z,343.07,1,28.95,App,5
ORD-2119,2025-10-10,CLI-118,Colombia,Estilo de Vida,Botella Térmica Inteligente,139.77,1,11.67,Web,5
ORD-2120,2025-03-10,CLI-295,Chile,Tecnología,Monitor 4K Curved,773.83,1,51.7,Web,5
ORD-2121,2025-05-28,CLI-163,Argentina,Tecnología,Laptop Pro 15,795.51,3,53.8,App,4
ORD-2122,2025-01-11,CLI-146,Chile,Tecnología,Monitor 4K Curved,469.59,2,35.3,App,5
ORD-2123,2025-09-11,CLI-246,España,Tecnología,Laptop Pro 15,1089.02,3,64.2,Web,5
ORD-2124,2025-11-26,CLI-287,México,Tecnología,Auriculares Noise-Cancelling,863.36,3,57.53,Tienda Física,5
ORD-2125,2025-12-26,CLI-304,Argentina,Tecnología,Laptop Pro 15,438.38,4,34.23,Web,4
ORD-2126,2025-02-07,CLI-183,España,Tecnología,Laptop Pro 15,407.55,1,32.42,Tienda Física,3
ORD-2127,2025-05-14,CLI-458,México,Tecnología,Smartwatch Series Z,1068.79,1,64.58,Web,5
ORD-2128,2025-07-19,CLI-415,Argentina,Tecnología,Smartphone Alpha,611.42,1,38.55,Web,3
ORD-2129,2025-01-23,CLI-465,España,Tecnología,Laptop Pro 15,385.87,2,32.4,Web,5
ORD-2130,2025-10-30,CLI-465,España,Tecnología,Laptop Pro 15,173.48,1,14.17,Web,5
ORD-2131,2025-12-12,CLI-177,Argentina,Tecnología,Smartphone Alpha,248.61,2,24.02,Tienda Física,5
ORD-2132,2025-10-29,CLI-173,España,Tecnología,Smartphone Alpha,355.19,1,22.87,App,4
ORD-2133,2025-12-29,CLI-479,España,Tecnología,Laptop Pro 15,323.82,2,28.5,App,5
ORD-2134,2025-08-06,CLI-289,España,Tecnología,Laptop Pro 15,532.41,2,33.72,Web,3
ORD-2135,2025-05-21,CLI-268,Argentina,Estilo de Vida,Mochila Ergonómica,87.97,1,7.74,App,5
ORD-2136,2025-04-14,CLI-337,Colombia,Tecnología,Laptop Pro 15,786.5,1,49.9,Web,3
ORD-2137,2025-07-29,CLI-180,España,Tecnología,Monitor 4K Curved,895.39,1,50.25,App,5
ORD-2138,2025-04-21,CLI-198,Argentina,Tecnología,Smartphone Alpha,1145.72,3,64.53,Web,1
ORD-2139,2025-04-14,CLI-302,México,Tecnología,Monitor 4K Curved,936.36,1,59.76,Tienda Física,5
ORD-2140,2025-11-12,CLI-424,Argentina,Estilo de Vida,Botella Térmica Inteligente,198.96,4,5.09,Web,4
ORD-2141,2025-06-20,CLI-169,Argentina,Estilo de Vida,Mochila Ergonómica,72.68,1,6.07,Web,2
ORD-2142,2025-12-22,CLI-407,España,Tecnología,Auriculares Noise-Cancelling,1139.46,3,71.84,Web,4
ORD-2143,2025-11-20,CLI-291,Argentina,Estilo de Vida,Botella Térmica Inteligente,123.01,2,5.31,App,5
ORD-2144,2025-05-13,CLI-268,Colombia,Tecnología,Laptop Pro 15,291.46,1,23.65,Tienda Física,4
ORD-2145,2025-10-20,CLI-115,Chile,Estilo de Vida,Mochila Ergonómica,54.27,1,11.72,Web,4
ORD-2146,2025-11-24,CLI-179,España,Estilo de Vida,Set de Teclado Mecánico,237.29,3,3.35,Tienda Física,2
ORD-2147,2025-05-07,CLI-360,Argentina,Tecnología,Laptop Pro 15,858.8,2,57.73,Web,2
ORD-2148,2025-04-16,CLI-303,México,Tecnología,Auriculares Noise-Cancelling,259.87,1,25.63,App,4
ORD-2149,2025-04-02,CLI-405,Colombia,Tecnología,Smartphone Alpha,604.07,1,43.37,Web,5
ORD-2150,2025-10-14,CLI-497,Argentina,Tecnología,Smartphone Alpha,1189.78,2,71.93,Web,4
ORD-2151,2025-02-20,CLI-219,México,Estilo de Vida,Lámpara LED Escritorio,144.86,1,8.0,Web,5
ORD-2152,2025-01-29,CLI-335,Argentina,Tecnología,Laptop Pro 15,918.19,1,53.48,App,4
ORD-2153,2025-10-23,CLI-279,Colombia,Tecnología,Smartphone Alpha,669.35,3,39.79,Tienda Física,4
ORD-2154,2025-10-24,CLI-241,España,Estilo de Vida,Silla Gaming X,138.24,1,7.26,Tienda Física,1
ORD-2155,2025-08-02,CLI-241,México,Estilo de Vida,Mochila Ergonómica,269.78,1,10.73,Web,5
ORD-2156,2025-09-24,CLI-205,España,Tecnología,Laptop Pro 15,774.66,1,46.98,App,5
ORD-2157,2025-09-14,CLI-106,Argentina,Estilo de Vida,Lámpara LED Escritorio,265.06,1,10.77,Web,4
ORD-2158,2025-10-29,CLI-430,España,Tecnología,Smartwatch Series Z,1051.22,1,62.37,Web,5
ORD-2159,2025-04-11,CLI-323,España,Tecnología,Auriculares Noise-Cancelling,1017.05,3,59.37,Tienda Física,3
ORD-2160,2025-12-12,CLI-117,México,Tecnología,Smartwatch Series Z,184.26,4,23.67,App,5
ORD-2161,2025-04-20,CLI-282,España,Tecnología,Monitor 4K Curved,659.64,2,41.52,Web,4
ORD-2162,2025-07-01,CLI-407,México,Estilo de Vida,Mochila Ergonómica,285.31,1,5.22,App,5
ORD-2163,2025-11-09,CLI-359,España,Tecnología,Laptop Pro 15,415.45,3,33.36,Web,3
ORD-2164,2025-01-01,CLI-204,Argentina,Tecnología,Laptop Pro 15,1063.56,1,64.96,App,4
ORD-2165,2025-11-15,CLI-290,México,Estilo de Vida,Lámpara LED Escritorio,217.13,2,5.31,Tienda Física,4
ORD-2166,2025-02-24,CLI-277,México,Tecnología,Laptop Pro 15,823.56,1,54.95,Web,5
ORD-2167,2025-05-29,CLI-314,España,Tecnología,Laptop Pro 15,1053.68,1,62.9,Tienda Física,5
ORD-2168,2025-11-05,CLI-246,México,Tecnología,Smartwatch Series Z,225.26,3,23.33,Web,5
ORD-2169,2025-05-17,CLI-271,Chile,Tecnología,Smartphone Alpha,152.58,2,16.79,App,5
ORD-2170,2025-07-21,CLI-476,Chile,Estilo de Vida,Lámpara LED Escritorio,291.32,1,10.98,Web,4
ORD-2171,2025-11-09,CLI-482,Colombia,Tecnología,Smartphone Alpha,961.38,3,54.75,Web,5
ORD-2172,2025-04-27,CLI-224,España,Tecnología,Smartwatch Series Z,593.41,1,37.2,Web,3
ORD-2173,2025-06-03,CLI-376,España,Estilo de Vida,Set de Teclado Mecánico,204.08,1,4.99,Web,4
ORD-2174,2025-10-18,CLI-432,México,Estilo de Vida,Lámpara LED Escritorio,289.98,2,6.99,Web,5
ORD-2175,2025-03-04,CLI-358,México,Estilo de Vida,Silla Gaming X,67.88,1,6.98,Web,4
ORD-2176,2025-09-01,CLI-370,México,Tecnología,Smartwatch Series Z,957.4,2,59.76,App,3
ORD-2177,2025-01-25,CLI-218,España,Tecnología,Smartwatch Series Z,767.95,1,43.51,Tienda Física,1
ORD-2178,2025-03-31,CLI-493,Colombia,Tecnología,Auriculares Noise-Cancelling,259.28,1,25.86,Web,5
ORD-2179,2025-03-16,CLI-475,México,Estilo de Vida,Lámpara LED Escritorio,144.25,2,8.13,Tienda Física,5
ORD-2180,2025-10-21,CLI-285,Argentina,Estilo de Vida,Silla Gaming X,127.04,1,8.71,App,4
ORD-2181,2025-07-29,CLI-357,México,Tecnología,Smartphone Alpha,964.44,1,56.1,App,3
ORD-2182,2025-12-13,CLI-154,España,Tecnología,Laptop Pro 15,872.58,3,58.49,Web,2
ORD-2183,2025-01-17,CLI-146,España,Estilo de Vida,Botella Térmica Inteligente,68.99,2,3.13,Tienda Física,5
ORD-2184,2025-05-08,CLI-271,España,Tecnología,Monitor 4K Curved,1140.2,1,63.81,App,4
ORD-2185,2025-12-30,CLI-164,Colombia,Tecnología,Laptop Pro 15,495.55,2,35.12,Web,4
ORD-2186,2025-09-08,CLI-338,Chile,Estilo de Vida,Silla Gaming X,215.7,1,11.46,App,5
ORD-2187,2025-06-28,CLI-157,España,Tecnología,Smartphone Alpha,815.51,1,51.47,Web,4
ORD-2188,2025-07-01,CLI-146,Colombia,Tecnología,Smartphone Alpha,931.64,1,59.93,Web,3
ORD-2189,2025-06-01,CLI-437,Argentina,Estilo de Vida,Lámpara LED Escritorio,240.5,1,5.72,App,5
ORD-2190,2025-01-25,CLI-291,España,Estilo de Vida,Lámpara LED Escritorio,95.41,3,4.08,Tienda Física,1
ORD-2191,2025-06-29,CLI-477,España,Estilo de Vida,Lámpara LED Escritorio,40.65,1,3.47,Tienda Física,4
ORD-2192,2025-07-17,CLI-365,España,Estilo de Vida,Silla Gaming X,138.71,2,6.81,Tienda Física,4
ORD-2193,2025-12-10,CLI-227,México,Tecnología,Smartphone Alpha,266.12,2,24.58,Web,4
ORD-2194,2025-06-10,CLI-216,España,Tecnología,Auriculares Noise-Cancelling,677.11,1,44.74,App,4
ORD-2195,2025-06-26,CLI-316,Chile,Tecnología,Smartphone Alpha,1169.52,1,73.31,Web,4
ORD-2196,2025-10-12,CLI-135,España,Tecnología,Smartphone Alpha,569.82,2,33.83,App,3
ORD-2197,2025-03-04,CLI-467,Argentina,Estilo de Vida,Lámpara LED Escritorio,114.06,2,8.73,App,5
ORD-2198,2025-05-30,CLI-406,Argentina,Tecnología,Auriculares Noise-Cancelling,465.03,1,31.07,Tienda Física,3
ORD-2199,2025-06-03,CLI-249,México,Estilo de Vida,Set de Teclado Mecánico,266.92,3,4.8,Web,5
ORD-2200,2025-06-05,CLI-153,México,Estilo de Vida,Botella Térmica Inteligente,177.3,1,9.58,Web,2
ORD-2201,2025-02-18,CLI-148,España,Tecnología,Smartwatch Series Z,272.22,2,19.0,App,3
ORD-2202,2025-12-03,CLI-212,Chile,Tecnología,Monitor 4K Curved,992.57,3,62.0,Tienda Física,5
ORD-2203,2025-03-25,CLI-197,Colombia,Estilo de Vida,Set de Teclado Mecánico,200.98,2,9.95,Web,1
ORD-2204,2025-12-27,CLI-452,Colombia,Tecnología,Auriculares Noise-Cancelling,270.37,2,26.89,Web,5
ORD-2205,2025-06-26,CLI-431,Chile,Tecnología,Laptop Pro 15,636.27,1,38.39,App,5
ORD-2206,2025-05-28,CLI-264,Argentina,Tecnología,Smartwatch Series Z,990.82,1,59.48,Web,4
ORD-2207,2025-04-28,CLI-202,España,Tecnología,Smartphone Alpha,1162.55,1,67.17,Web,5
ORD-2208,2025-12-08,CLI-216,Chile,Estilo de Vida,Botella Térmica Inteligente,236.53,4,6.86,App,2
ORD-2209,2025-03-04,CLI-262,España,Tecnología,Laptop Pro 15,756.65,1,43.48,Web,3
ORD-2210,2025-07-08,CLI-100,España,Tecnología,Smartwatch Series Z,1061.89,1,61.93,Web,5
ORD-2211,2025-12-26,CLI-352,España,Tecnología,Smartwatch Series Z,778.05,5,48.26,Web,5
ORD-2212,2025-02-18,CLI-117,Argentina,Tecnología,Smartwatch Series Z,283.06,1,26.48,Web,5
ORD-2213,2025-11-23,CLI-423,Argentina,Estilo de Vida,Lámpara LED Escritorio,255.88,3,8.31,Tienda Física,3
ORD-2214,2025-09-14,CLI-358,México,Tecnología,Smartphone Alpha,859.23,1,48.84,App,3
ORD-2215,2025-08-12,CLI-350,México,Estilo de Vida,Botella Térmica Inteligente,95.62,1,7.02,Web,4
ORD-2216,2025-05-21,CLI-434,Chile,Tecnología,Monitor 4K Curved,621.43,2,39.37,Web,5
ORD-2217,2025-08-03,CLI-443,Chile,Tecnología,Smartwatch Series Z,1095.76,1,60.78,Web,5
ORD-2218,2025-07-30,CLI-492,España,Estilo de Vida,Set de Teclado Mecánico,139.81,1,9.82,Tienda Física,3
ORD-2219,2025-11-14,CLI-188,España,Tecnología,Smartwatch Series Z,532.51,2,33.93,Tienda Física,2
ORD-2220,2025-02-01,CLI-215,España,Tecnología,Smartwatch Series Z,855.69,1,48.11,App,5
ORD-2221,2025-06-07,CLI-112,Chile,Tecnología,Monitor 4K Curved,1013.92,1,61.1,Web,5
ORD-2222,2025-10-12,CLI-493,México,Estilo de Vida,Silla Gaming X,132.01,1,8.02,Web,4
ORD-2223,2025-11-01,CLI-129,España,Tecnología,Smartwatch Series Z,656.67,3,47.24,App,4
ORD-2224,2025-10-13,CLI-402,España,Tecnología,Smartphone Alpha,267.22,1,22.95,Tienda Física,4
ORD-2225,2025-05-24,CLI-265,España,Tecnología,Laptop Pro 15,1077.54,1,60.48,Web,4
ORD-2226,2025-01-19,CLI-327,Colombia,Tecnología,Monitor 4K Curved,927.04,1,57.63,Web,5
ORD-2227,2025-01-18,CLI-308,México,Estilo de Vida,Botella Térmica Inteligente,220.95,1,6.31,Web,5
ORD-2228,2025-09-14,CLI-123,España,Estilo de Vida,Silla Gaming X,57.84,1,10.05,Web,5
ORD-2229,2025-03-19,CLI-232,España,Estilo de Vida,Botella Térmica Inteligente,149.31,1,3.92,Web,5
ORD-2230,2025-06-24,CLI-114,Colombia,Estilo de Vida,Botella Térmica Inteligente,287.12,2,4.62,Tienda Física,5
ORD-2231,2025-07-13,CLI-105,España,Tecnología,Monitor 4K Curved,664.87,1,41.41,Web,2
ORD-2232,2025-04-23,CLI-308,Argentina,Estilo de Vida,Set de Teclado Mecánico,119.52,1,8.34,Tienda Física,4
ORD-2233,2025-04-24,CLI-255,Colombia,Tecnología,Smartwatch Series Z,970.56,1,55.04,Tienda Física,5
ORD-2234,2025-08-10,CLI-391,México,Tecnología,Laptop Pro 15,1089.27,1,66.61,App,1
ORD-2235,2025-06-15,CLI-397,Argentina,Tecnología,Monitor 4K Curved,1159.54,1,66.19,Tienda Física,3
ORD-2236,2025-11-15,CLI-342,Argentina,Tecnología,Monitor 4K Curved,554.29,5,41.08,App,5
ORD-2237,2025-05-12,CLI-185,Argentina,Tecnología,Auriculares Noise-Cancelling,242.12,2,25.49,Tienda Física,4
ORD-2238,2025-09-21,CLI-145,Argentina,Estilo de Vida,Botella Térmica Inteligente,217.38,2,5.64,Web,5
ORD-2239,2025-02-24,CLI-430,Chile,Tecnología,Laptop Pro 15,659.84,1,41.42,Tienda Física,5
ORD-2240,2025-12-25,CLI-283,Chile,Estilo de Vida,Set de Teclado Mecánico,260.52,4,9.25,Web,5
ORD-2241,2025-05-11,CLI-337,Argentina,Estilo de Vida,Botella Térmica Inteligente,52.55,1,6.17,Web,4
ORD-2242,2025-10-15,CLI-415,México,Tecnología,Laptop Pro 15,950.21,1,56.8,Web,5
ORD-2243,2025-09-23,CLI-308,España,Estilo de Vida,Set de Teclado Mecánico,270.25,1,11.22,Web,5
ORD-2244,2025-06-11,CLI-345,España,Estilo de Vida,Set de Teclado Mecánico,32.83,2,10.96,Tienda Física,4
ORD-2245,2025-03-28,CLI-120,España,Tecnología,Smartphone Alpha,757.65,1,46.53,Tienda Física,5
ORD-2246,2025-02-24,CLI-392,Colombia,Estilo de Vida,Mochila Ergonómica,57.56,1,9.8,Web,3
ORD-2247,2025-10-15,CLI-440,España,Estilo de Vida,Botella Térmica Inteligente,268.41,1,3.4,Web,5
ORD-2248,2025-06-27,CLI-411,España,Tecnología,Smartphone Alpha,1183.69,1,69.75,Web,4
ORD-2249,2025-12-15,CLI-154,España,Tecnología,Laptop Pro 15,356.65,3,22.99,Web,4
ORD-2250,2025-01-08,CLI-373,México,Tecnología,Monitor 4K Curved,415.38,1,28.88,Tienda Física,4
ORD-2251,2025-11-17,CLI-312,México,Estilo de Vida,Set de Teclado Mecánico,77.95,3,9.71,Web,4
ORD-2252,2025-11-09,CLI-310,España,Tecnología,Monitor 4K Curved,995.51,3,57.52,App,4
ORD-2253,2025-09-04,CLI-404,España,Tecnología,Auriculares Noise-Cancelling,1194.15,1,65.09,Tienda Física,5
ORD-2254,2025-11-19,CLI-233,Argentina,Tecnología,Monitor 4K Curved,600.79,2,42.58,App,5
ORD-2255,2025-09-12,CLI-244,México,Estilo de Vida,Silla Gaming X,215.93,1,4.01,Web,5
ORD-2256,2025-11-24,CLI-338,España,Estilo de Vida,Lámpara LED Escritorio,27.81,2,3.2,Tienda Física,1
ORD-2257,2025-02-23,CLI-191,España,Tecnología,Monitor 4K Curved,194.6,1,16.33,Web,5
ORD-2258,2025-09-06,CLI-244,Colombia,Estilo de Vida,Set de Teclado Mecánico,264.47,1,10.83,Web,5
ORD-2259,2025-08-27,CLI-295,México,Estilo de Vida,Lámpara LED Escritorio,75.3,2,7.23,Web,2
ORD-2260,2025-08-17,CLI-384,España,Estilo de Vida,Silla Gaming X,125.0,3,6.36,Tienda Física,5
ORD-2261,2025-03-08,CLI-421,España,Estilo de Vida,Lámpara LED Escritorio,53.97,3,11.69,Web,3
ORD-2262,2025-02-20,CLI-186,Colombia,Tecnología,Smartphone Alpha,382.67,1,31.7,Tienda Física,4
ORD-2263,2025-04-07,CLI-205,España,Tecnología,Monitor 4K Curved,455.01,3,31.15,Web,4
ORD-2264,2025-04-02,CLI-363,España,Estilo de Vida,Botella Térmica Inteligente,171.63,1,3.9,App,3
ORD-2265,2025-09-21,CLI-220,Chile,Estilo de Vida,Mochila Ergonómica,268.85,3,9.04,Web,5
ORD-2266,2025-10-18,CLI-475,España,Estilo de Vida,Set de Teclado Mecánico,233.36,1,8.07,App,5
ORD-2267,2025-04-06,CLI-378,España,Estilo de Vida,Mochila Ergonómica,29.08,3,10.28,App,2
ORD-2268,2025-03-29,CLI-335,Colombia,Estilo de Vida,Set de Teclado Mecánico,198.16,1,11.88,Web,5
ORD-2269,2025-03-19,CLI-234,España,Tecnología,Smartphone Alpha,598.01,2,41.25,Web,3
ORD-2270,2025-10-15,CLI-291,España,Tecnología,Smartphone Alpha,266.65,1,20.77,App,5
ORD-2271,2025-04-30,CLI-123,Colombia,Tecnología,Smartphone Alpha,503.81,1,33.15,Tienda Física,2
ORD-2272,2025-10-29,CLI-475,Argentina,Estilo de Vida,Set de Teclado Mecánico,212.32,2,6.76,App,4
ORD-2273,2025-06-14,CLI-328,España,Tecnología,Smartwatch Series Z,1049.4,2,64.69,App,2
ORD-2274,2025-07-01,CLI-496,España,Estilo de Vida,Silla Gaming X,91.79,1,9.61,Web,2
ORD-2275,2025-08-11,CLI-106,Colombia,Estilo de Vida,Mochila Ergonómica,113.97,1,10.71,App,5
ORD-2276,2025-11-07,CLI-190,Chile,Tecnología,Auriculares Noise-Cancelling,344.88,2,30.17,Tienda Física,3
ORD-2277,2025-01-07,CLI-403,España,Tecnología,Monitor 4K Curved,938.94,1,55.65,Web,2
ORD-2278,2025-11-26,CLI-446,México,Tecnología,Auriculares Noise-Cancelling,1036.58,3,65.28,Tienda Física,5
ORD-2279,2025-09-20,CLI-276,Argentina,Tecnología,Auriculares Noise-Cancelling,475.25,1,30.72,Web,2
ORD-2280,2025-06-10,CLI-297,España,Tecnología,Smartphone Alpha,249.74,1,20.69,App,5
ORD-2281,2025-05-31,CLI-440,México,Tecnología,Smartwatch Series Z,641.26,1,39.81,Web,2
ORD-2282,2025-03-26,CLI-112,España,Tecnología,Auriculares Noise-Cancelling,333.99,3,29.45,Web,5
ORD-2283,2025-05-27,CLI-294,España,Tecnología,Laptop Pro 15,1135.52,1,64.95,Web,5
ORD-2284,2025-04-22,CLI-306,Chile,Tecnología,Smartphone Alpha,600.19,1,43.71,Tienda Física,4
ORD-2285,2025-02-05,CLI-437,Chile,Tecnología,Smartphone Alpha,426.61,1,28.38,Tienda Física,4
ORD-2286,2025-10-12,CLI-294,México,Estilo de Vida,Set de Teclado Mecánico,292.92,1,6.96,App,4
ORD-2287,2025-07-07,CLI-166,México,Tecnología,Smartphone Alpha,505.61,1,37.85,Tienda Física,3
ORD-2288,2025-03-23,CLI-142,España,Estilo de Vida,Botella Térmica Inteligente,79.12,1,8.78,App,5
ORD-2289,2025-01-02,CLI-401,Colombia,Tecnología,Auriculares Noise-Cancelling,998.88,1,56.54,Web,5
ORD-2290,2025-10-30,CLI-172,España,Tecnología,Auriculares Noise-Cancelling,574.59,1,35.99,App,3
ORD-2291,2025-07-16,CLI-482,España,Tecnología,Smartphone Alpha,599.76,3,38.3,Tienda Física,4
ORD-2292,2025-01-11,CLI-281,México,Tecnología,Auriculares Noise-Cancelling,650.55,2,46.73,App,5
ORD-2293,2025-08-22,CLI-152,Colombia,Tecnología,Smartphone Alpha,204.31,1,17.33,Web,4
ORD-2294,2025-07-14,CLI-494,Argentina,Tecnología,Smartphone Alpha,815.9,1,53.52,App,4
ORD-2295,2025-04-29,CLI-178,España,Estilo de Vida,Silla Gaming X,38.69,1,6.15,Web,4
ORD-2296,2025-01-20,CLI-362,Argentina,Estilo de Vida,Silla Gaming X,258.66,3,6.94,Tienda Física,5
ORD-2297,2025-09-18,CLI-105,Argentina,Estilo de Vida,Botella Térmica Inteligente,46.07,2,7.26,App,4
ORD-2298,2025-10-20,CLI-155,Chile,Estilo de Vida,Mochila Ergonómica,292.83,3,5.95,Web,5
ORD-2299,2025-09-13,CLI-400,España,Estilo de Vida,Silla Gaming X,112.38,2,5.09,Tienda Física,1
ORD-2300,2025-08-10,CLI-444,España,Tecnología,Auriculares Noise-Cancelling,255.93,1,23.67,App,4
ORD-2301,2025-08-14,CLI-345,Chile,Tecnología,Smartphone Alpha,967.68,1,60.75,Web,2
ORD-2302,2025-02-22,CLI-490,México,Tecnología,Smartphone Alpha,490.23,2,34.71,Tienda Física,4
ORD-2303,2025-12-21,CLI-137,México,Tecnología,Smartwatch Series Z,993.25,3,60.78,App,4
ORD-2304,2025-12-08,CLI-184,Argentina,Tecnología,Smartphone Alpha,847.59,2,54.19,App,4
ORD-2305,2025-12-30,CLI-250,Colombia,Estilo de Vida,Lámpara LED Escritorio,191.06,3,6.94,App,4
ORD-2306,2025-10-07,CLI-227,México,Estilo de Vida,Mochila Ergonómica,89.18,1,11.47,Web,5
ORD-2307,2025-03-22,CLI-236,España,Estilo de Vida,Lámpara LED Escritorio,111.76,1,10.13,App,1
ORD-2308,2025-07-21,CLI-160,Chile,Tecnología,Auriculares Noise-Cancelling,394.22,1,30.88,Tienda Física,5
ORD-2309,2025-06-07,CLI-289,España,Tecnología,Laptop Pro 15,866.6,1,49.35,Web,3
ORD-2310,2025-04-30,CLI-214,España,Tecnología,Smartphone Alpha,659.77,1,41.34,App,5
ORD-2311,2025-02-28,CLI-173,España,Tecnología,Smartphone Alpha,646.75,2,47.02,Tienda Física,5
ORD-2312,2025-08-03,CLI-412,Colombia,Estilo de Vida,Mochila Ergonómica,61.68,1,10.92,Web,1
ORD-2313,2025-05-08,CLI-314,España,Estilo de Vida,Mochila Ergonómica,238.44,2,7.82,App,4
ORD-2314,2025-08-12,CLI-420,Argentina,Tecnología,Smartphone Alpha,1180.81,2,68.15,Web,4
ORD-2315,2025-07-28,CLI-489,Chile,Tecnología,Laptop Pro 15,830.79,1,52.24,Tienda Física,1
ORD-2316,2025-04-25,CLI-473,España,Tecnología,Smartphone Alpha,1006.33,3,61.5,App,5
ORD-2317,2025-07-28,CLI-221,España,Estilo de Vida,Silla Gaming X,235.41,1,9.88,Web,4
ORD-2318,2025-01-14,CLI-251,México,Estilo de Vida,Botella Térmica Inteligente,82.7,2,11.84,Web,5
ORD-2319,2025-01-09,CLI-477,México,Tecnología,Auriculares Noise-Cancelling,641.96,2,46.99,Web,5
ORD-2320,2025-02-09,CLI-173,España,Estilo de Vida,Botella Térmica Inteligente,266.94,1,10.71,Web,4
ORD-2321,2025-08-25,CLI-193,España,Tecnología,Laptop Pro 15,603.29,1,44.86,App,5
ORD-2322,2025-10-08,CLI-214,España,Tecnología,Laptop Pro 15,837.36,1,47.36,Web,3
ORD-2323,2025-12-25,CLI-213,Chile,Tecnología,Laptop Pro 15,982.89,2,55.65,Tienda Física,5
ORD-2324,2025-07-20,CLI-141,Argentina,Estilo de Vida,Lámpara LED Escritorio,242.24,1,3.58,App,3
ORD-2325,2025-09-03,CLI-226,Argentina,Estilo de Vida,Silla Gaming X,133.23,2,7.35,Web,4
ORD-2326,2025-10-05,CLI-480,Argentina,Tecnología,Smartwatch Series Z,310.29,1,28.82,Web,2
ORD-2327,2025-08-23,CLI-435,Colombia,Estilo de Vida,Silla Gaming X,103.32,2,11.21,Web,4
ORD-2328,2025-01-04,CLI-127,España,Tecnología,Laptop Pro 15,752.87,1,47.65,Web,5
ORD-2329,2025-06-03,CLI-338,Argentina,Estilo de Vida,Mochila Ergonómica,212.75,1,11.47,Tienda Física,4
ORD-2330,2025-01-29,CLI-135,México,Estilo de Vida,Set de Teclado Mecánico,172.27,2,5.07,App,3
ORD-2331,2025-04-19,CLI-135,Colombia,Tecnología,Auriculares Noise-Cancelling,195.74,3,16.96,Tienda Física,5
ORD-2332,2025-04-08,CLI-156,Argentina,Tecnología,Smartwatch Series Z,299.92,1,21.01,App,4
ORD-2333,2025-08-03,CLI-225,México,Estilo de Vida,Set de Teclado Mecánico,66.37,1,7.19,Tienda Física,4
ORD-2334,2025-10-20,CLI-331,España,Estilo de Vida,Botella Térmica Inteligente,42.33,1,6.82,Web,4
ORD-2335,2025-03-16,CLI-356,España,Tecnología,Monitor 4K Curved,1024.49,3,62.37,Web,1
ORD-2336,2025-11-22,CLI-414,México,Estilo de Vida,Set de Teclado Mecánico,216.12,3,5.78,Web,5
ORD-2337,2025-05-26,CLI-441,Argentina,Tecnología,Smartphone Alpha,642.01,1,41.35,Web,5
ORD-2338,2025-05-08,CLI-384,Colombia,Estilo de Vida,Botella Térmica Inteligente,84.86,1,4.23,App,5
ORD-2339,2025-12-07,CLI-330,México,Estilo de Vida,Mochila Ergonómica,212.42,2,6.15,Web,5
ORD-2340,2025-02-11,CLI-296,España,Estilo de Vida,Botella Térmica Inteligente,42.81,1,9.65,Web,3
ORD-2341,2025-12-22,CLI-210,Colombia,Tecnología,Smartwatch Series Z,884.69,3,50.17,Tienda Física,4
ORD-2342,2025-02-10,CLI-265,Chile,Estilo de Vida,Lámpara LED Escritorio,110.53,1,5.75,App,3
ORD-2343,2025-02-03,CLI-472,España,Tecnología,Auriculares Noise-Cancelling,573.39,1,37.41,Web,5
ORD-2344,2025-01-17,CLI-271,Colombia,Tecnología,Monitor 4K Curved,596.57,1,40.87,Tienda Física,4
ORD-2345,2025-06-14,CLI-432,España,Tecnología,Monitor 4K Curved,796.9,1,46.74,App,4
ORD-2346,2025-06-02,CLI-479,España,Tecnología,Monitor 4K Curved,844.85,1,54.45,Web,4
ORD-2347,2025-03-17,CLI-300,Argentina,Tecnología,Laptop Pro 15,255.93,1,23.85,App,4
ORD-2348,2025-03-28,CLI-182,Argentina,Tecnología,Monitor 4K Curved,1191.3,1,67.59,App,3
ORD-2349,2025-04-27,CLI-468,Argentina,Estilo de Vida,Set de Teclado Mecánico,138.07,2,9.05,App,3
ORD-2350,2025-12-28,CLI-254,España,Tecnología,Smartphone Alpha,725.01,3,46.2,App,1
ORD-2351,2025-12-08,CLI-296,Chile,Tecnología,Laptop Pro 15,256.13,5,25.83,Tienda Física,2
ORD-2352,2025-01-27,CLI-181,España,Tecnología,Auriculares Noise-Cancelling,1145.31,2,69.43,App,4
ORD-2353,2025-11-09,CLI-244,Argentina,Tecnología,Smartwatch Series Z,832.0,3,51.28,Web,4
ORD-2354,2025-10-14,CLI-237,España,Tecnología,Smartwatch Series Z,1059.55,1,66.88,Web,3
ORD-2355,2025-05-14,CLI-326,Argentina,Estilo de Vida,Mochila Ergonómica,62.23,1,4.4,App,5
ORD-2356,2025-08-07,CLI-462,Colombia,Tecnología,Smartwatch Series Z,402.34,3,28.7,App,4
ORD-2357,2025-06-17,CLI-268,Argentina,Tecnología,Smartwatch Series Z,714.82,1,47.93,App,4
ORD-2358,2025-04-08,CLI-419,México,Tecnología,Laptop Pro 15,862.27,3,55.75,Web,3
ORD-2359,2025-09-25,CLI-322,España,Estilo de Vida,Silla Gaming X,74.46,1,5.57,Web,5
ORD-2360,2025-08-25,CLI-288,México,Tecnología,Smartwatch Series Z,571.42,2,40.76,Web,5
ORD-2361,2025-11-05,CLI-229,España,Estilo de Vida,Set de Teclado Mecánico,113.35,3,3.93,App,5
ORD-2362,2025-06-22,CLI-167,Argentina,Estilo de Vida,Set de Teclado Mecánico,70.94,1,5.01,Web,3
ORD-2363,2025-07-09,CLI-348,Colombia,Estilo de Vida,Lámpara LED Escritorio,72.55,1,9.14,App,4
ORD-2364,2025-05-02,CLI-174,España,Estilo de Vida,Silla Gaming X,194.15,2,4.36,Tienda Física,4
ORD-2365,2025-02-15,CLI-401,Argentina,Estilo de Vida,Mochila Ergonómica,223.45,2,4.27,Web,4
ORD-2366,2025-03-05,CLI-483,España,Tecnología,Laptop Pro 15,608.45,3,36.35,App,4
ORD-2367,2025-05-10,CLI-189,México,Tecnología,Smartphone Alpha,793.66,1,46.41,Web,5
ORD-2368,2025-11-06,CLI-159,España,Estilo de Vida,Silla Gaming X,115.0,2,4.96,App,3
ORD-2369,2025-12-29,CLI-465,Argentina,Tecnología,Monitor 4K Curved,1119.33,3,68.45,App,4
ORD-2370,2025-07-12,CLI-244,España,Tecnología,Smartwatch Series Z,540.49,1,32.31,Web,5
ORD-2371,2025-11-03,CLI-223,México,Estilo de Vida,Botella Térmica Inteligente,208.52,3,7.63,App,5
ORD-2372,2025-06-30,CLI-384,Colombia,Tecnología,Auriculares Noise-Cancelling,809.01,1,54.8,Web,5
ORD-2373,2025-10-19,CLI-345,España,Estilo de Vida,Lámpara LED Escritorio,78.25,2,4.79,App,2
ORD-2374,2025-10-09,CLI-405,Colombia,Estilo de Vida,Silla Gaming X,25.03,1,3.16,App,4
ORD-2375,2025-01-29,CLI-270,Chile,Tecnología,Monitor 4K Curved,333.07,3,29.57,Web,5
ORD-2376,2025-05-29,CLI-314,España,Tecnología,Smartwatch Series Z,606.73,1,40.92,App,5
ORD-2377,2025-09-24,CLI-288,México,Tecnología,Monitor 4K Curved,489.85,1,34.31,Web,3
ORD-2378,2025-10-23,CLI-244,México,Tecnología,Smartwatch Series Z,337.54,1,31.7,Web,5
ORD-2379,2025-01-11,CLI-250,España,Tecnología,Smartwatch Series Z,1129.92,2,63.45,Web,2
ORD-2380,2025-06-13,CLI-278,Chile,Estilo de Vida,Lámpara LED Escritorio,127.66,1,6.76,App,4
ORD-2381,2025-04-23,CLI-490,México,Tecnología,Laptop Pro 15,401.8,3,34.01,App,5
ORD-2382,2025-07-06,CLI-489,España,Estilo de Vida,Botella Térmica Inteligente,172.84,2,7.43,App,4
ORD-2383,2025-10-22,CLI-139,Chile,Tecnología,Auriculares Noise-Cancelling,273.14,2,25.19,Tienda Física,5
ORD-2384,2025-08-20,CLI-260,España,Estilo de Vida,Set de Teclado Mecánico,225.73,2,7.78,Web,4
ORD-2385,2025-08-15,CLI-427,España,Tecnología,Smartwatch Series Z,703.31,3,45.7,App,3
ORD-2386,2025-11-06,CLI-118,España,Estilo de Vida,Mochila Ergonómica,243.55,2,11.66,Web,5
ORD-2387,2025-04-08,CLI-479,España,Tecnología,Smartphone Alpha,693.53,3,41.35,Web,4
ORD-2388,2025-02-24,CLI-488,Argentina,Tecnología,Smartwatch Series Z,161.51,1,21.94,Web,5
ORD-2389,2025-04-21,CLI-109,Chile,Estilo de Vida,Botella Térmica Inteligente,248.61,2,10.08,App,5
ORD-2390,2025-06-01,CLI-232,México,Estilo de Vida,Botella Térmica Inteligente,162.45,1,6.49,Web,5
ORD-2391,2025-09-03,CLI-244,España,Tecnología,Laptop Pro 15,410.94,1,31.68,Web,4
ORD-2392,2025-03-10,CLI-480,España,Tecnología,Smartwatch Series Z,505.4,2,36.85,App,3
ORD-2393,2025-11-08,CLI-176,Argentina,Estilo de Vida,Mochila Ergonómica,210.19,3,3.17,Web,5
ORD-2394,2025-10-16,CLI-276,México,Tecnología,Monitor 4K Curved,616.6,1,44.32,Web,5
ORD-2395,2025-09-07,CLI-101,España,Estilo de Vida,Silla Gaming X,171.78,3,7.07,Web,5
ORD-2396,2025-02-05,CLI-272,Argentina,Tecnología,Auriculares Noise-Cancelling,1169.56,3,72.31,Web,2
ORD-2397,2025-08-27,CLI-350,España,Estilo de Vida,Mochila Ergonómica,198.98,1,3.47,Tienda Física,2
ORD-2398,2025-05-28,CLI-113,España,Estilo de Vida,Mochila Ergonómica,46.08,2,6.2,Web,5
ORD-2399,2025-08-15,CLI-236,Chile,Tecnología,Auriculares Noise-Cancelling,1116.58,1,70.18,Web,4
ORD-2400,2025-09-01,CLI-333,Argentina,Estilo de Vida,Botella Térmica Inteligente,242.16,1,10.31,Web,5
ORD-2401,2025-12-03,CLI-330,España,Estilo de Vida,Mochila Ergonómica,180.52,3,8.74,Web,5
ORD-2402,2025-12-31,CLI-143,Colombia,Tecnología,Smartwatch Series Z,1176.04,3,69.62,App,3
ORD-2403,2025-07-20,CLI-450,México,Tecnología,Laptop Pro 15,345.31,1,24.81,Web,2
ORD-2404,2025-06-03,CLI-419,México,Tecnología,Auriculares Noise-Cancelling,714.2,1,45.15,Tienda Física,5
ORD-2405,2025-03-14,CLI-160,Colombia,Tecnología,Monitor 4K Curved,1107.38,2,62.12,Web,3
ORD-2406,2025-07-20,CLI-376,España,Tecnología,Auriculares Noise-Cancelling,495.74,1,31.19,App,3
ORD-2407,2025-10-23,CLI-270,Colombia,Tecnología,Laptop Pro 15,452.63,3,29.57,Web,5
ORD-2408,2025-01-17,CLI-402,España,Tecnología,Monitor 4K Curved,432.18,2,31.9,Tienda Física,3
ORD-2409,2025-05-09,CLI-433,Argentina,Estilo de Vida,Botella Térmica Inteligente,215.49,1,5.28,Web,5
ORD-2410,2025-08-05,CLI-119,España,Tecnología,Auriculares Noise-Cancelling,526.15,2,32.3,App,3
ORD-2411,2025-03-02,CLI-464,Chile,Tecnología,Smartwatch Series Z,1000.29,2,56.29,Web,2
ORD-2412,2025-04-14,CLI-406,Argentina,Tecnología,Laptop Pro 15,1015.41,1,63.43,App,1
ORD-2413,2025-02-11,CLI-327,México,Estilo de Vida,Set de Teclado Mecánico,33.82,1,3.41,Web,5
ORD-2414,2025-01-25,CLI-146,Colombia,Tecnología,Smartwatch Series Z,837.55,3,53.73,Web,5
ORD-2415,2025-02-08,CLI-261,Colombia,Tecnología,Smartwatch Series Z,330.09,2,27.15,Web,3
ORD-2416,2025-10-18,CLI-164,España,Tecnología,Smartphone Alpha,1194.81,1,74.12,Tienda Física,5
ORD-2417,2025-05-11,CLI-423,Colombia,Tecnología,Auriculares Noise-Cancelling,267.89,3,25.66,App,5
ORD-2418,2025-08-17,CLI-423,España,Tecnología,Smartphone Alpha,518.18,1,33.32,Web,5
ORD-2419,2025-04-18,CLI-112,España,Estilo de Vida,Lámpara LED Escritorio,52.24,1,5.87,Web,4
ORD-2420,2025-06-21,CLI-282,España,Tecnología,Auriculares Noise-Cancelling,1025.08,2,63.51,Web,5
ORD-2421,2025-04-12,CLI-409,Chile,Tecnología,Smartwatch Series Z,346.18,1,25.82,Tienda Física,4
ORD-2422,2025-12-20,CLI-425,España,Tecnología,Auriculares Noise-Cancelling,564.06,2,43.07,Web,4
ORD-2423,2025-01-12,CLI-290,México,Tecnología,Smartwatch Series Z,1164.63,2,64.76,Web,2
ORD-2424,2025-10-02,CLI-126,Chile,Estilo de Vida,Botella Térmica Inteligente,88.72,1,7.88,App,2
ORD-2425,2025-04-11,CLI-370,España,Tecnología,Smartphone Alpha,813.13,1,46.44,Web,5
ORD-2426,2025-02-13,CLI-283,España,Tecnología,Smartwatch Series Z,400.88,2,26.23,Web,3
ORD-2427,2025-11-01,CLI-267,España,Estilo de Vida,Silla Gaming X,110.58,3,10.65,Tienda Física,5
ORD-2428,2025-01-17,CLI-116,España,Estilo de Vida,Mochila Ergonómica,215.75,3,11.78,Web,2
ORD-2429,2025-11-26,CLI-314,México,Tecnología,Monitor 4K Curved,857.95,2,51.26,Web,4
ORD-2430,2025-02-26,CLI-363,España,Tecnología,Laptop Pro 15,372.04,1,26.26,Web,3
ORD-2431,2025-11-07,CLI-401,España,Tecnología,Auriculares Noise-Cancelling,851.65,2,54.75,App,4
ORD-2432,2025-10-30,CLI-405,Argentina,Estilo de Vida,Silla Gaming X,201.52,1,11.72,Web,5
ORD-2433,2025-01-12,CLI-464,México,Estilo de Vida,Set de Teclado Mecánico,272.9,1,4.57,Web,5
ORD-2434,2025-11-14,CLI-305,Argentina,Estilo de Vida,Set de Teclado Mecánico,136.24,3,5.62,Tienda Física,5
ORD-2435,2025-03-21,CLI-393,México,Tecnología,Monitor 4K Curved,1107.16,2,64.15,Web,5
ORD-2436,2025-08-04,CLI-312,México,Tecnología,Monitor 4K Curved,396.35,2,27.44,Web,1
ORD-2437,2025-12-05,CLI-245,España,Tecnología,Monitor 4K Curved,345.89,3,28.66,Web,4
ORD-2438,2025-09-21,CLI-350,España,Tecnología,Smartphone Alpha,444.48,3,33.96,Web,4
ORD-2439,2025-05-29,CLI-221,España,Tecnología,Laptop Pro 15,1023.87,1,60.79,App,3
ORD-2440,2025-03-22,CLI-271,España,Estilo de Vida,Set de Teclado Mecánico,278.34,1,5.76,Web,5
ORD-2441,2025-08-03,CLI-446,Colombia,Tecnología,Auriculares Noise-Cancelling,732.72,1,44.59,Web,4
ORD-2442,2025-07-17,CLI-213,Argentina,Estilo de Vida,Silla Gaming X,53.16,1,4.18,Web,4
ORD-2443,2025-07-19,CLI-275,Colombia,Tecnología,Monitor 4K Curved,576.38,1,42.55,Tienda Física,5
ORD-2444,2025-01-25,CLI-378,España,Tecnología,Monitor 4K Curved,714.07,1,48.56,Tienda Física,5
ORD-2445,2025-03-30,CLI-116,España,Estilo de Vida,Set de Teclado Mecánico,283.63,1,6.02,App,4
ORD-2446,2025-09-25,CLI-260,España,Tecnología,Smartwatch Series Z,1070.51,1,65.53,App,4
ORD-2447,2025-05-23,CLI-114,España,Estilo de Vida,Silla Gaming X,73.57,1,7.94,Web,5
ORD-2448,2025-02-28,CLI-196,Argentina,Estilo de Vida,Silla Gaming X,154.37,1,5.4,App,3
ORD-2449,2025-12-31,CLI-424,Colombia,Estilo de Vida,Botella Térmica Inteligente,84.12,3,3.33,Web,4
ORD-2450,2025-01-26,CLI-365,Colombia,Estilo de Vida,Lámpara LED Escritorio,110.86,2,5.57,Web,4
ORD-2451,2025-02-16,CLI-209,Chile,Tecnología,Laptop Pro 15,365.23,1,30.12,Web,3
ORD-2452,2025-10-15,CLI-297,Colombia,Estilo de Vida,Lámpara LED Escritorio,160.2,2,5.66,Web,3
ORD-2453,2025-09-23,CLI-259,España,Tecnología,Monitor 4K Curved,1008.71,2,59.99,App,3
ORD-2454,2025-01-16,CLI-424,España,Estilo de Vida,Botella Térmica Inteligente,254.03,1,3.17,Tienda Física,5
ORD-2455,2025-07-18,CLI-273,España,Tecnología,Monitor 4K Curved,840.67,1,52.84,Tienda Física,4
ORD-2456,2025-10-09,CLI-421,Argentina,Tecnología,Smartwatch Series Z,558.2,1,36.78,Web,4
ORD-2457,2025-03-27,CLI-345,México,Estilo de Vida,Lámpara LED Escritorio,194.6,2,3.84,Tienda Física,5
ORD-2458,2025-09-07,CLI-303,Colombia,Tecnología,Smartphone Alpha,1048.9,1,59.12,Web,4
ORD-2459,2025-09-27,CLI-209,España,Estilo de Vida,Set de Teclado Mecánico,280.02,1,9.33,App,5
ORD-2460,2025-12-01,CLI-321,Chile,Estilo de Vida,Botella Térmica Inteligente,280.79,3,9.19,Web,5
ORD-2461,2025-04-27,CLI-201,México,Tecnología,Auriculares Noise-Cancelling,640.34,1,46.3,Web,3
ORD-2462,2025-01-07,CLI-240,México,Estilo de Vida,Set de Teclado Mecánico,178.53,2,10.75,Web,2
ORD-2463,2025-05-17,CLI-313,España,Tecnología,Smartphone Alpha,563.36,1,36.2,Web,5
ORD-2464,2025-06-25,CLI-147,España,Tecnología,Laptop Pro 15,642.47,1,45.86,Tienda Física,5
ORD-2465,2025-11-24,CLI-410,España,Tecnología,Auriculares Noise-Cancelling,1094.89,3,63.23,Tienda Física,5
ORD-2466,2025-11-11,CLI-463,Colombia,Tecnología,Smartwatch Series Z,946.94,3,53.26,App,4
ORD-2467,2025-08-03,CLI-382,España,Tecnología,Smartphone Alpha,388.11,3,28.96,Tienda Física,1
ORD-2468,2025-03-23,CLI-209,Colombia,Tecnología,Smartwatch Series Z,969.75,1,56.63,Tienda Física,3
ORD-2469,2025-08-11,CLI-393,España,Tecnología,Laptop Pro 15,1170.42,1,67.11,Tienda Física,1
ORD-2470,2025-04-13,CLI-350,México,Tecnología,Smartwatch Series Z,1116.41,1,69.61,Web,3
ORD-2471,2025-09-30,CLI-386,España,Tecnología,Monitor 4K Curved,346.03,1,24.29,Web,2
ORD-2472,2025-01-14,CLI-352,Chile,Tecnología,Laptop Pro 15,474.71,1,37.59,App,5
ORD-2473,2025-06-08,CLI-199,España,Estilo de Vida,Silla Gaming X,297.32,1,6.37,Web,5
ORD-2474,2025-06-01,CLI-450,México,Estilo de Vida,Botella Térmica Inteligente,192.56,2,3.44,Web,1
ORD-2475,2025-04-18,CLI-434,Colombia,Estilo de Vida,Silla Gaming X,258.18,1,9.77,App,4
ORD-2476,2025-07-07,CLI-127,México,Tecnología,Auriculares Noise-Cancelling,550.4,1,34.37,Web,5
ORD-2477,2025-10-28,CLI-403,España,Tecnología,Monitor 4K Curved,151.49,1,18.17,Tienda Física,4
ORD-2478,2025-04-08,CLI-428,México,Tecnología,Auriculares Noise-Cancelling,381.1,1,25.86,Web,4
ORD-2479,2025-05-11,CLI-285,Chile,Estilo de Vida,Set de Teclado Mecánico,70.11,1,3.23,Web,4
ORD-2480,2025-10-20,CLI-149,México,Estilo de Vida,Mochila Ergonómica,268.46,1,7.34,Web,4
ORD-2481,2025-06-20,CLI-433,España,Tecnología,Monitor 4K Curved,639.99,2,41.87,Web,5
ORD-2482,2025-07-02,CLI-324,Argentina,Estilo de Vida,Lámpara LED Escritorio,161.38,1,10.28,Web,2
ORD-2483,2025-12-30,CLI-257,España,Tecnología,Laptop Pro 15,737.83,5,44.36,Tienda Física,5
ORD-2484,2025-02-08,CLI-276,Argentina,Tecnología,Smartphone Alpha,389.49,1,27.64,Tienda Física,2
ORD-2485,2025-01-15,CLI-220,Argentina,Estilo de Vida,Set de Teclado Mecánico,85.48,3,11.53,Tienda Física,3
ORD-2486,2025-01-04,CLI-257,México,Tecnología,Monitor 4K Curved,736.39,1,44.32,Web,2
ORD-2487,2025-12-15,CLI-291,Colombia,Tecnología,Auriculares Noise-Cancelling,435.86,2,27.6,Tienda Física,4
ORD-2488,2025-07-29,CLI-194,España,Estilo de Vida,Silla Gaming X,83.55,1,3.71,Web,3
ORD-2489,2025-06-10,CLI-244,México,Estilo de Vida,Silla Gaming X,250.59,1,4.66,Web,2
ORD-2490,2025-01-16,CLI-103,España,Tecnología,Laptop Pro 15,664.62,1,39.1,App,4
ORD-2491,2025-04-18,CLI-389,México,Estilo de Vida,Lámpara LED Escritorio,245.82,3,10.91,Web,5
ORD-2492,2025-11-07,CLI-484,Colombia,Estilo de Vida,Botella Térmica Inteligente,95.3,3,5.67,Web,2
ORD-2493,2025-08-15,CLI-213,Argentina,Estilo de Vida,Mochila Ergonómica,93.97,1,5.28,App,5
ORD-2494,2025-06-19,CLI-349,México,Tecnología,Laptop Pro 15,998.94,1,63.89,Tienda Física,5
ORD-2495,2025-02-03,CLI-449,España,Estilo de Vida,Set de Teclado Mecánico,99.65,1,5.62,Tienda Física,4
ORD-2496,2025-09-08,CLI-128,España,Estilo de Vida,Botella Térmica Inteligente,96.22,1,7.4,Web,3
ORD-2497,2025-09-04,CLI-353,España,Estilo de Vida,Set de Teclado Mecánico,189.72,1,5.17,Web,4
ORD-2498,2025-09-26,CLI-187,España,Estilo de Vida,Silla Gaming X,178.81,1,9.05,Web,5
ORD-2499,2025-05-21,CLI-211,Colombia,Estilo de Vida,Silla Gaming X,294.39,1,11.82,Web,5
